"cluster","heatwave_type","activity_type","bin_left","bin_right","bar_height","histogram_scale"
"1","compound","ride","0.0","0.7853104166666661","0.019235788484627","share"
"1","compound","ride","0.7853104166666661","1.5706208333333322","0.0577856658140627","share"
"1","compound","ride","1.5706208333333322","2.3559312499999985","0.054679751526857","share"
"1","compound","ride","2.3559312499999985","3.1412416666666645","0.0550060030276139","share"
"1","compound","ride","3.1412416666666645","3.9265520833333305","0.0401550347131596","share"
"1","compound","ride","3.9265520833333305","4.711862499999997","0.0401811348332202","share"
"1","compound","ride","4.711862499999997","5.497172916666663","0.0440048024220911","share"
"1","compound","ride","5.497172916666663","6.282483333333329","0.0264785718014302","share"
"1","compound","ride","6.282483333333329","7.067793749999995","0.0316855457535104","share"
"1","compound","ride","7.067793749999995","7.853104166666661","0.0212324476692592","share"
"1","compound","ride","7.853104166666661","8.638414583333327","0.027744427624367","share"
"1","compound","ride","8.638414583333327","9.423724999999994","0.0223678028918933","share"
"1","compound","ride","9.423724999999994","10.20903541666666","0.0173826799603278","share"
"1","compound","ride","10.20903541666666","10.994345833333323","0.0197316907657775","share"
"1","compound","ride","10.994345833333323","11.779656249999992","0.0185049851229315","share"
"1","compound","ride","11.779656249999992","12.564966666666658","0.0182831341024168","share"
"1","compound","ride","12.564966666666658","13.350277083333324","0.0080649370987106","share"
"1","compound","ride","13.350277083333324","14.13558749999999","0.0088348906404969","share"
"1","compound","ride","14.13558749999999","14.920897916666656","0.0135851124915174","share"
"1","compound","ride","14.920897916666656","15.706208333333322","0.0109751004854622","share"
"1","compound","ride","15.706208333333322","16.49151874999999","0.011014250665553","share"
"1","compound","ride","16.49151874999999","17.276829166666655","0.0070339823563188","share"
"1","compound","ride","17.276829166666655","18.06213958333332","0.0126063579892467","share"
"1","compound","ride","18.06213958333332","18.847449999999988","0.0106096988046145","share"
"1","compound","run","0.0","0.7853104166666661","0.0052983243722921","share"
"1","compound","run","0.7853104166666661","1.5706208333333322","0.0161298741974213","share"
"1","compound","run","1.5706208333333322","2.3559312499999985","0.0144594665135459","share"
"1","compound","run","2.3559312499999985","3.1412416666666645","0.0152555201753928","share"
"1","compound","run","3.1412416666666645","3.9265520833333305","0.0105966487445842","share"
"1","compound","run","3.9265520833333305","4.711862499999997","0.0117842042073393","share"
"1","compound","run","4.711862499999997","5.497172916666663","0.0121365558281568","share"
"1","compound","run","5.497172916666663","6.282483333333329","0.0080388369786501","share"
"1","compound","run","6.282483333333329","7.067793749999995","0.0086913399801639","share"
"1","compound","run","7.067793749999995","7.853104166666661","0.0057159262932609","share"
"1","compound","run","7.853104166666661","8.638414583333327","0.0071514328965913","share"
"1","compound","run","8.638414583333327","9.423724999999994","0.0062248786344417","share"
"1","compound","run","9.423724999999994","10.20903541666666","0.0046980216108994","share"
"1","compound","run","10.20903541666666","10.994345833333323","0.0052069739520801","share"
"1","compound","run","10.994345833333323","11.779656249999992","0.0045153207704755","share"
"1","compound","run","11.779656249999992","12.564966666666658","0.0053374745523829","share"
"1","compound","run","12.564966666666658","13.350277083333324","0.0022315602651772","share"
"1","compound","run","13.350277083333324","14.13558749999999","0.0025317116458735","share"
"1","compound","run","14.13558749999999","14.920897916666656","0.0031711645873571","share"
"1","compound","run","14.920897916666656","15.706208333333322","0.0027144124862974","share"
"1","compound","run","15.706208333333322","16.49151874999999","0.003262515007569","share"
"1","compound","run","16.49151874999999","17.276829166666655","0.0020097092446625","share"
"1","compound","run","17.276829166666655","18.06213958333332","0.0035496163282351","share"
"1","compound","run","18.06213958333332","18.847449999999988","0.0036931669885681","share"
"1","compound","walk","0.0","0.7853104166666661","0.0012267056428459","share"
"1","compound","walk","0.7853104166666661","1.5706208333333322","0.0045805710706269","share"
"1","compound","walk","1.5706208333333322","2.3559312499999985","0.0043456699900819","share"
"1","compound","walk","2.3559312499999985","3.1412416666666645","0.0039933183692644","share"
"1","compound","walk","3.1412416666666645","3.9265520833333305","0.0027666127264185","share"
"1","compound","walk","3.9265520833333305","4.711862499999997","0.0031189643472359","share"
"1","compound","walk","4.711862499999997","5.497172916666663","0.0032233648274782","share"
"1","compound","walk","5.497172916666663","6.282483333333329","0.0021532599049955","share"
"1","compound","walk","6.282483333333329","7.067793749999995","0.002127159784935","share"
"1","compound","walk","7.067793749999995","7.853104166666661","0.0014746567834212","share"
"1","compound","walk","7.853104166666661","8.638414583333327","0.0016834577439056","share"
"1","compound","walk","8.638414583333327","9.423724999999994","0.001657357623845","share"
"1","compound","walk","9.423724999999994","10.20903541666666","0.001135355222634","share"
"1","compound","walk","10.20903541666666","10.994345833333323","0.0014746567834212","share"
"1","compound","walk","10.994345833333323","11.779656249999992","0.0014355066033303","share"
"1","compound","walk","11.779656249999992","12.564966666666658","0.0015660072036331","share"
"1","compound","walk","12.564966666666658","13.350277083333324","0.0005872527013624","share"
"1","compound","walk","13.350277083333324","14.13558749999999","0.0007699535417862","share"
"1","compound","walk","14.13558749999999","14.920897916666656","0.0010179046823615","share"
"1","compound","walk","14.920897916666656","15.706208333333322","0.0008874040820587","share"
"1","compound","walk","15.706208333333322","16.49151874999999","0.0007177533016651","share"
"1","compound","walk","16.49151874999999","17.276829166666655","0.0005481025212715","share"
"1","compound","walk","17.276829166666655","18.06213958333332","0.0011223051626037","share"
"1","compound","walk","18.06213958333332","18.847449999999988","0.0005742026413321","share"
"1","day","ride","0.0","0.5088125000000007","0.0411229523951904","share"
"1","day","ride","0.5088125000000007","1.0176250000000011","0.0520684279093607","share"
"1","day","ride","1.0176250000000011","1.526437500000002","0.0485018046686457","share"
"1","day","ride","1.526437500000002","2.0352500000000027","0.057172756978408","share"
"1","day","ride","2.0352500000000027","2.5440625000000034","0.047028169916494","share"
"1","day","ride","2.5440625000000034","3.052875000000004","0.0437285094931977","share"
"1","day","ride","3.052875000000004","3.561687500000005","0.030262904982594","share"
"1","day","ride","3.561687500000005","4.070500000000005","0.0344275249343271","share"
"1","day","ride","4.070500000000005","4.579312500000006","0.0251585759135467","share"
"1","day","ride","4.579312500000006","5.088125000000007","0.025489609807146","share"
"1","day","ride","5.088125000000007","5.596937500000007","0.0292164107383123","share"
"1","day","ride","5.596937500000007","6.105750000000008","0.0208444567840591","share"
"1","day","ride","6.105750000000008","6.614562500000009","0.0145441342929756","share"
"1","day","ride","6.614562500000009","7.123375000000009","0.0222967345108173","share"
"1","day","ride","7.123375000000009","7.63218750000001","0.0126753945710441","share"
"1","day","ride","7.63218750000001","8.14100000000001","0.0130491425154304","share"
"1","day","ride","8.14100000000001","8.649812500000012","0.0152489161309612","share"
"1","day","ride","8.649812500000012","9.158625000000011","0.0124191102663221","share"
"1","day","ride","9.158625000000011","9.667437500000013","0.0083933109796467","share"
"1","day","ride","9.667437500000013","10.176250000000014","0.0096106614270764","share"
"1","day","ride","10.176250000000014","10.685062500000011","0.0191358947525788","share"
"1","day","ride","10.685062500000011","11.193875000000014","0.0087457018986395","share"
"1","day","ride","11.193875000000014","11.702687500000016","0.0090126647160583","share"
"1","day","ride","11.702687500000016","12.211500000000015","0.0116716143775494","share"
"1","day","run","0.0","0.5088125000000007","0.0101125515238237","share"
"1","day","run","0.5088125000000007","1.0176250000000011","0.012290968113961","share"
"1","day","run","1.0176250000000011","1.526437500000002","0.0127394656472246","share"
"1","day","run","1.526437500000002","2.0352500000000027","0.013497640048694","share"
"1","day","run","2.0352500000000027","2.5440625000000034","0.0111697242808021","share"
"1","day","run","2.5440625000000034","3.052875000000004","0.0108814044379898","share"
"1","day","run","3.052875000000004","3.561687500000005","0.006919676227495","share"
"1","day","run","3.561687500000005","4.070500000000005","0.0081156696495312","share"
"1","day","run","4.070500000000005","4.579312500000006","0.0068022125878307","share"
"1","day","run","4.579312500000006","5.088125000000007","0.0065352497704119","share"
"1","day","run","5.088125000000007","5.596937500000007","0.0071652820195203","share"
"1","day","run","5.596937500000007","6.105750000000008","0.0056809687546718","share"
"1","day","run","6.105750000000008","6.614562500000009","0.0033637314994767","share"
"1","day","run","6.614562500000009","7.123375000000009","0.0056382547038848","share"
"1","day","run","7.123375000000009","7.63218750000001","0.0031821967836319","share"
"1","day","run","7.63218750000001","8.14100000000001","0.0030967686820579","share"
"1","day","run","8.14100000000001","8.649812500000012","0.0035559447280182","share"
"1","day","run","8.649812500000012","9.158625000000011","0.0032035538090254","share"
"1","day","run","9.158625000000011","9.667437500000013","0.0021250240266535","share"
"1","day","run","9.667437500000013","10.176250000000014","0.0026589496614911","share"
"1","day","run","10.176250000000014","10.685062500000011","0.0046451530230869","share"
"1","day","run","10.685062500000011","11.193875000000014","0.0023813083313756","share"
"1","day","run","11.193875000000014","11.702687500000016","0.0022424876663178","share"
"1","day","run","11.702687500000016","12.211500000000015","0.0025842000726138","share"
"1","day","walk","0.0","0.5088125000000007","0.0029793050423936","share"
"1","day","walk","0.5088125000000007","1.0176250000000011","0.0033103389359929","share"
"1","day","walk","1.0176250000000011","1.526437500000002","0.0034171240629605","share"
"1","day","walk","1.526437500000002","2.0352500000000027","0.0040898703628558","share"
"1","day","walk","2.0352500000000027","2.5440625000000034","0.0031181257074514","share"
"1","day","walk","2.5440625000000034","3.052875000000004","0.0028831984281229","share"
"1","day","walk","3.052875000000004","3.561687500000005","0.0015804198791192","share"
"1","day","walk","3.561687500000005","4.070500000000005","0.0024347008948593","share"
"1","day","walk","4.070500000000005","4.579312500000006","0.0018367041838412","share"
"1","day","walk","4.579312500000006","5.088125000000007","0.0019541678235055","share"
"1","day","walk","5.088125000000007","5.596937500000007","0.0018580612092347","share"
"1","day","walk","5.596937500000007","6.105750000000008","0.0013348140870939","share"
"1","day","walk","6.105750000000008","6.614562500000009","0.0010998868077654","share"
"1","day","walk","6.614562500000009","7.123375000000009","0.0012600644982166","share"
"1","day","walk","7.123375000000009","7.63218750000001","0.0008008884522563","share"
"1","day","walk","7.63218750000001","8.14100000000001","0.0007047818379856","share"
"1","day","walk","8.14100000000001","8.649812500000012","0.0010571727569784","share"
"1","day","walk","8.649812500000012","9.158625000000011","0.0007581744014693","share"
"1","day","walk","9.158625000000011","9.667437500000013","0.0004484975332635","share"
"1","day","walk","9.667437500000013","10.176250000000014","0.0005873181983213","share"
"1","day","walk","10.176250000000014","10.685062500000011","0.0011105653204621","share"
"1","day","walk","10.685062500000011","11.193875000000014","0.0006727462998953","share"
"1","day","walk","11.193875000000014","11.702687500000016","0.0005766396856245","share"
"1","day","walk","11.702687500000016","12.211500000000015","0.0007474958887726","share"
"1","night","ride","0.0","0.5307500000000017","0.0478409792801392","share"
"1","night","ride","0.5307500000000017","1.0615000000000034","0.0501993374136672","share"
"1","night","ride","1.0615000000000034","1.5922500000000053","0.0601381324049637","share"
"1","night","ride","1.5922500000000053","2.123000000000007","0.0463810432927171","share"
"1","night","ride","2.123000000000007","2.6537500000000085","0.0503116401819304","share"
"1","night","ride","2.6537500000000085","3.1845000000000105","0.041973159638385","share"
"1","night","ride","3.1845000000000105","3.715250000000012","0.0284126003705991","share"
"1","night","ride","3.715250000000012","4.246000000000014","0.0305182772755348","share"
"1","night","ride","4.246000000000014","4.776750000000016","0.021646358582739","share"
"1","night","ride","4.776750000000016","5.307500000000017","0.0195687573698691","share"
"1","night","ride","5.307500000000017","5.838250000000019","0.0207760121286989","share"
"1","night","ride","5.838250000000019","6.369000000000021","0.0159469930933797","share"
"1","night","ride","6.369000000000021","6.899750000000022","0.0198495142905272","share"
"1","night","ride","6.899750000000022","7.430500000000024","0.0122690774327587","share"
"1","night","ride","7.430500000000024","7.9612500000000255","0.012212926048627","share"
"1","night","ride","7.9612500000000255","8.492000000000028","0.0113706552866528","share"
"1","night","ride","8.492000000000028","9.022750000000029","0.0157785389409848","share"
"1","night","ride","9.022750000000029","9.553500000000032","0.007355831321242","share"
"1","night","ride","9.553500000000032","10.084250000000033","0.0095457353023752","share"
"1","night","ride","10.084250000000033","10.615000000000034","0.0112302768263237","share"
"1","night","ride","10.615000000000034","11.145750000000035","0.0110056712897972","share"
"1","night","ride","11.145750000000035","11.676500000000038","0.010303778988152","share"
"1","night","ride","11.676500000000038","12.20725000000004","0.00676624178786","share"
"1","night","ride","12.20725000000004","12.738000000000042","0.0077488910101634","share"
"1","night","run","0.0","0.5307500000000017","0.0165646583188275","share"
"1","night","run","0.5307500000000017","1.0615000000000034","0.0154977820203268","share"
"1","night","run","1.0615000000000034","1.5922500000000053","0.0204952552080408","share"
"1","night","run","1.5922500000000053","2.123000000000007","0.0140378460329047","share"
"1","night","run","2.123000000000007","2.6537500000000085","0.0179403672300522","share"
"1","night","run","2.6537500000000085","3.1845000000000105","0.0134482564995227","share"
"1","night","run","3.1845000000000105","3.715250000000012","0.0085069346959402","share"
"1","night","run","3.715250000000012","4.246000000000014","0.0090965242293222","share"
"1","night","run","4.246000000000014","4.776750000000016","0.0072716042450446","share"
"1","night","run","4.776750000000016","5.307500000000017","0.007215452860913","share"
"1","night","run","5.307500000000017","5.838250000000019","0.0057555168734909","share"
"1","night","run","5.838250000000019","6.369000000000021","0.0044640350384636","share"
"1","night","run","6.369000000000021","6.899750000000022","0.0055028356448986","share"
"1","night","run","6.899750000000022","7.430500000000024","0.0037059913526868","share"
"1","night","run","7.430500000000024","7.9612500000000255","0.0033971587399629","share"
"1","night","run","7.9612500000000255","8.492000000000028","0.0038744455050817","share"
"1","night","run","8.492000000000028","9.022750000000029","0.0037902184288842","share"
"1","night","run","9.022750000000029","9.553500000000032","0.0025548879779886","share"
"1","night","run","9.553500000000032","10.084250000000033","0.0028637205907125","share"
"1","night","run","10.084250000000033","10.615000000000034","0.0028075692065809","share"
"1","night","run","10.615000000000034","11.145750000000035","0.0030040990510416","share"
"1","night","run","11.145750000000035","11.676500000000038","0.0024706609017912","share"
"1","night","run","11.676500000000038","12.20725000000004","0.0019652984446066","share"
"1","night","run","12.20725000000004","12.738000000000042","0.0026110393621202","share"
"1","night","walk","0.0","0.5307500000000017","0.0044921107305295","share"
"1","night","walk","0.5307500000000017","1.0615000000000034","0.0036217642764894","share"
"1","night","walk","1.0615000000000034","1.5922500000000053","0.0049693974956482","share"
"1","night","walk","1.5922500000000053","2.123000000000007","0.0035375372002919","share"
"1","night","walk","2.123000000000007","2.6537500000000085","0.0044921107305295","share"
"1","night","walk","2.6537500000000085","3.1845000000000105","0.0028917962827783","share"
"1","night","walk","3.1845000000000105","3.715250000000012","0.0021056769049357","share"
"1","night","walk","3.715250000000012","4.246000000000014","0.0023022067493963","share"
"1","night","walk","4.246000000000014","4.776750000000016","0.002049525520804","share"
"1","night","walk","4.776750000000016","5.307500000000017","0.0015441630636195","share"
"1","night","walk","5.307500000000017","5.838250000000019","0.0016283901398169","share"
"1","night","walk","5.838250000000019","6.369000000000021","0.0013757089112246","share"
"1","night","walk","6.369000000000021","6.899750000000022","0.0011791790667639","share"
"1","night","walk","6.899750000000022","7.430500000000024","0.0012072547588298","share"
"1","night","walk","7.430500000000024","7.9612500000000255","0.0007861193778426","share"
"1","night","walk","7.9612500000000255","8.492000000000028","0.0005895895333819","share"
"1","night","walk","8.492000000000028","9.022750000000029","0.0014037846032904","share"
"1","night","walk","9.022750000000029","9.553500000000032","0.0006738166095794","share"
"1","night","walk","9.553500000000032","10.084250000000033","0.0008422707619742","share"
"1","night","walk","10.084250000000033","10.615000000000034","0.0004492110730529","share"
"1","night","walk","10.615000000000034","11.145750000000035","0.0007861193778426","share"
"1","night","walk","11.145750000000035","11.676500000000038","0.0009826492223033","share"
"1","night","walk","11.676500000000038","12.20725000000004","0.0006738166095794","share"
"1","night","walk","12.20725000000004","12.738000000000042","0.000729967993711","share"
"2","compound","ride","0.0","0.6093333333333337","0.0350986850013222","share"
"2","compound","ride","0.6093333333333337","1.2186666666666677","0.0584897949371348","share"
"2","compound","ride","1.2186666666666677","1.8280000000000007","0.0478399884607063","share"
"2","compound","ride","1.8280000000000007","2.437333333333335","0.036276654566435","share"
"2","compound","ride","2.437333333333335","3.0466666666666686","0.0471909031901339","share"
"2","compound","ride","3.0466666666666686","3.6560000000000015","0.0267567372647065","share"
"2","compound","ride","3.6560000000000015","4.265333333333336","0.0251460441858787","share"
"2","compound","ride","4.265333333333336","4.87466666666667","0.0299540832271558","share"
"2","compound","ride","4.87466666666667","5.484000000000004","0.0244488785248936","share"
"2","compound","ride","5.484000000000004","6.093333333333337","0.0336803134841454","share"
"2","compound","ride","6.093333333333337","6.702666666666671","0.013174026973099","share"
"2","compound","ride","6.702666666666671","7.312000000000005","0.0257710892612448","share"
"2","compound","ride","7.312000000000005","7.921333333333338","0.0162511719595163","share"
"2","compound","ride","7.921333333333338","8.530666666666672","0.0145443180998629","share"
"2","compound","ride","8.530666666666672","9.140000000000006","0.0213236531480635","share"
"2","compound","ride","9.140000000000006","9.74933333333334","0.0180061062095824","share"
"2","compound","ride","9.74933333333334","10.358666666666672","0.0193283169459336","share"
"2","compound","ride","10.358666666666672","10.968000000000009","0.0165156141067865","share"
"2","compound","ride","10.968000000000009","11.57733333333334","0.0099045604250306","share"
"2","compound","ride","11.57733333333334","12.186666666666676","0.0140154338053224","share"
"2","compound","ride","12.186666666666676","12.796000000000008","0.0136307906820203","share"
"2","compound","ride","12.796000000000008","13.405333333333342","0.0157944082505949","share"
"2","compound","ride","13.405333333333342","14.014666666666676","0.0086304300790922","share"
"2","compound","ride","14.014666666666676","14.62400000000001","0.0050484409933408","share"
"2","compound","run","0.0","0.6093333333333337","0.0107700074524605","share"
"2","compound","run","0.6093333333333337","1.2186666666666677","0.0181503473808207","share"
"2","compound","run","1.2186666666666677","1.8280000000000007","0.0154097651272928","share"
"2","compound","run","1.8280000000000007","2.437333333333335","0.0110344495997307","share"
"2","compound","run","2.437333333333335","3.0466666666666686","0.0137750318532586","share"
"2","compound","run","3.0466666666666686","3.6560000000000015","0.0084140683222347","share"
"2","compound","run","3.6560000000000015","4.265333333333336","0.0074284203187729","share"
"2","compound","run","4.265333333333336","4.87466666666667","0.0092314349592518","share"
"2","compound","run","4.87466666666667","5.484000000000004","0.0078371036372815","share"
"2","compound","run","5.484000000000004","6.093333333333337","0.0104094045243647","share"
"2","compound","run","6.093333333333337","6.702666666666671","0.0033175469384811","share"
"2","compound","run","6.702666666666671","7.312000000000005","0.0084140683222347","share"
"2","compound","run","7.312000000000005","7.921333333333338","0.0059138880207707","share"
"2","compound","run","7.921333333333338","8.530666666666672","0.0043993557227684","share"
"2","compound","run","8.530666666666672","9.140000000000006","0.0071399379762963","share"
"2","compound","run","9.140000000000006","9.74933333333334","0.0043512753323556","share"
"2","compound","run","9.74933333333334","10.358666666666672","0.0062023703632473","share"
"2","compound","run","10.358666666666672","10.968000000000009","0.0039185518186407","share"
"2","compound","run","10.968000000000009","11.57733333333334","0.0031011851816236","share"
"2","compound","run","11.57733333333334","12.186666666666676","0.0041349135754982","share"
"2","compound","run","12.186666666666676","12.796000000000008","0.0034858283049258","share"
"2","compound","run","12.796000000000008","13.405333333333342","0.003750270452196","share"
"2","compound","run","13.405333333333342","14.014666666666676","0.0039666322090535","share"
"2","compound","run","14.014666666666676","14.62400000000001","0.0020914969829555","share"
"2","compound","walk","0.0","0.6093333333333337","0.0025963410822895","share"
"2","compound","walk","0.6093333333333337","1.2186666666666677","0.0053850037262302","share"
"2","compound","walk","1.2186666666666677","1.8280000000000007","0.0037262302569896","share"
"2","compound","walk","1.8280000000000007","2.437333333333335","0.00312522537683","share"
"2","compound","walk","2.437333333333335","3.0466666666666686","0.0032213861576556","share"
"2","compound","walk","3.0466666666666686","3.6560000000000015","0.0020434165925427","share"
"2","compound","walk","3.6560000000000015","4.265333333333336","0.0019232156165108","share"
"2","compound","walk","4.265333333333336","4.87466666666667","0.0018991754213044","share"
"2","compound","walk","4.87466666666667","5.484000000000004","0.0020914969829555","share"
"2","compound","walk","5.484000000000004","6.093333333333337","0.0022838185446065","share"
"2","compound","walk","6.093333333333337","6.702666666666671","0.000625045075366","share"
"2","compound","walk","6.702666666666671","7.312000000000005","0.0018991754213044","share"
"2","compound","walk","7.312000000000005","7.921333333333338","0.001250090150732","share"
"2","compound","walk","7.921333333333338","8.530666666666672","0.0012981705411447","share"
"2","compound","walk","8.530666666666672","9.140000000000006","0.0016347332740341","share"
"2","compound","walk","9.140000000000006","9.74933333333334","0.0014664519075894","share"
"2","compound","walk","9.74933333333334","10.358666666666672","0.0014664519075894","share"
"2","compound","walk","10.358666666666672","10.968000000000009","0.0013222107363511","share"
"2","compound","walk","10.968000000000009","11.57733333333334","0.0008414068322234","share"
"2","compound","walk","11.57733333333334","12.186666666666676","0.0009135274178426","share"
"2","compound","walk","12.186666666666676","12.796000000000008","0.001250090150732","share"
"2","compound","walk","12.796000000000008","13.405333333333342","0.0006971656609851","share"
"2","compound","walk","13.405333333333342","14.014666666666676","0.0007212058561915","share"
"2","compound","walk","14.014666666666676","14.62400000000001","0.0009135274178426","share"
"2","day","ride","0.0","0.4464750000000007","0.0441679946537809","share"
"2","day","ride","0.4464750000000007","0.8929500000000014","0.0555184290340821","share"
"2","day","ride","0.8929500000000014","1.339425000000002","0.0525266025805788","share"
"2","day","ride","1.339425000000002","1.7859000000000027","0.0478795044466149","share"
"2","day","ride","1.7859000000000027","2.2323750000000038","0.0368786305454171","share"
"2","day","ride","2.2323750000000038","2.678850000000004","0.0362103531588958","share"
"2","day","ride","2.678850000000004","3.125325000000005","0.0364056957795712","share"
"2","day","ride","3.125325000000005","3.5718000000000054","0.0306687914460494","share"
"2","day","ride","3.5718000000000054","4.018275000000006","0.026833907366473","share"
"2","day","ride","4.018275000000006","4.464750000000007","0.0236467382922942","share"
"2","day","ride","4.464750000000007","4.911225000000007","0.0219092170873387","share"
"2","day","ride","4.911225000000007","5.357700000000008","0.0182388320567521","share"
"2","day","ride","5.357700000000008","5.804175000000009","0.0269984064154629","share"
"2","day","ride","5.804175000000009","6.250650000000009","0.0239448928185883","share"
"2","day","ride","6.250650000000009","6.69712500000001","0.0151236313165064","share"
"2","day","ride","6.69712500000001","7.143600000000011","0.015771346321904","share"
"2","day","ride","7.143600000000011","7.590075000000011","0.0155143165578574","share"
"2","day","ride","7.590075000000011","8.036550000000013","0.009047447694443","share"
"2","day","ride","8.036550000000013","8.483025000000012","0.0129337377268287","share"
"2","day","ride","8.483025000000012","8.929500000000013","0.0117102760499665","share"
"2","day","ride","8.929500000000013","9.375975000000016","0.0109597491389502","share"
"2","day","ride","9.375975000000016","9.822450000000014","0.0123888346270498","share"
"2","day","ride","9.822450000000014","10.268925000000015","0.0082249524494936","share"
"2","day","ride","10.268925000000015","10.715400000000017","0.0071659898216213","share"
"2","day","run","0.0","0.4464750000000007","0.0103428777052382","share"
"2","day","run","0.4464750000000007","0.8929500000000014","0.0159050017992083","share"
"2","day","run","0.8929500000000014","1.339425000000002","0.0142394489281858","share"
"2","day","run","1.339425000000002","1.7859000000000027","0.0120701177196319","share"
"2","day","run","1.7859000000000027","2.2323750000000038","0.0097054438904025","share"
"2","day","run","2.2323750000000038","2.678850000000004","0.0088006991209582","share"
"2","day","run","2.678850000000004","3.125325000000005","0.0090063229321955","share"
"2","day","run","3.125325000000005","3.5718000000000054","0.0077417364930858","share"
"2","day","run","3.5718000000000054","4.018275000000006","0.0069500848198221","share"
"2","day","run","4.018275000000006","4.464750000000007","0.0059425281447591","share"
"2","day","run","4.464750000000007","4.911225000000007","0.0055826864750938","share"
"2","day","run","4.911225000000007","5.357700000000008","0.0048630031357631","share"
"2","day","run","5.357700000000008","5.804175000000009","0.007423019585668","share"
"2","day","run","5.804175000000009","6.250650000000009","0.0056752171901506","share"
"2","day","run","6.250650000000009","6.69712500000001","0.003475042409911","share"
"2","day","run","6.69712500000001","7.143600000000011","0.0045340050377833","share"
"2","day","run","7.143600000000011","7.590075000000011","0.0040713514624993","share"
"2","day","run","7.590075000000011","8.036550000000013","0.0023646738292294","share"
"2","day","run","8.036550000000013","8.483025000000012","0.0030843571685601","share"
"2","day","run","8.483025000000012","8.929500000000013","0.003166606693055","share"
"2","day","run","8.929500000000013","9.375975000000016","0.0025600164499048","share"
"2","day","run","9.375975000000016","9.822450000000014","0.0028273274045134","share"
"2","day","run","9.822450000000014","10.268925000000015","0.0020253945406878","share"
"2","day","run","10.268925000000015","10.715400000000017","0.002004832159564","share"
"2","day","walk","0.0","0.4464750000000007","0.0030226700251889","share"
"2","day","walk","0.4464750000000007","0.8929500000000014","0.0038862900323857","share"
"2","day","walk","0.8929500000000014","1.339425000000002","0.0037526345550814","share"
"2","day","walk","1.339425000000002","1.7859000000000027","0.0033722305042923","share"
"2","day","walk","1.7859000000000027","2.2323750000000038","0.0026525471649617","share"
"2","day","walk","2.2323750000000038","2.678850000000004","0.0024057985914768","share"
"2","day","walk","2.678850000000004","3.125325000000005","0.0022104559708014","share"
"2","day","walk","3.125325000000005","3.5718000000000054","0.0018300519200123","share"
"2","day","walk","3.5718000000000054","4.018275000000006","0.0015524597748419","share"
"2","day","walk","4.018275000000006","4.464750000000007","0.0017889271577648","share"
"2","day","walk","4.464750000000007","4.911225000000007","0.0017889271577648","share"
"2","day","walk","4.911225000000007","5.357700000000008","0.001387960725852","share"
"2","day","walk","5.357700000000008","5.804175000000009","0.0020768004934971","share"
"2","day","walk","5.804175000000009","6.250650000000009","0.0013468359636045","share"
"2","day","walk","6.250650000000009","6.69712500000001","0.0008636200071968","share"
"2","day","walk","6.69712500000001","7.143600000000011","0.0011617745334909","share"
"2","day","walk","7.143600000000011","7.590075000000011","0.0009355883411299","share"
"2","day","walk","7.590075000000011","8.036550000000013","0.0006579961959594","share"
"2","day","walk","8.036550000000013","8.483025000000012","0.0011720557240528","share"
"2","day","walk","8.483025000000012","8.929500000000013","0.0007299645298925","share"
"2","day","walk","8.929500000000013","9.375975000000016","0.00077108929214","share"
"2","day","walk","9.375975000000016","9.822450000000014","0.0007299645298925","share"
"2","day","walk","9.822450000000014","10.268925000000015","0.0006374338148357","share"
"2","day","walk","10.268925000000015","10.715400000000017","0.000616871433712","share"
"2","night","ride","0.0","0.4594083333333338","0.0545414719626168","share"
"2","night","ride","0.4594083333333338","0.9188166666666676","0.0722838785046729","share"
"2","night","ride","0.9188166666666676","1.3782250000000016","0.0548335280373831","share"
"2","night","ride","1.3782250000000016","1.8376333333333357","0.0410338785046729","share"
"2","night","ride","1.8376333333333357","2.297041666666669","0.0361419392523364","share"
"2","night","ride","2.297041666666669","2.756450000000003","0.0367260514018691","share"
"2","night","ride","2.756450000000003","3.215858333333337","0.0225613317757009","share"
"2","night","ride","3.215858333333337","3.675266666666671","0.024313668224299","share"
"2","night","ride","3.675266666666671","4.134675000000005","0.0226343457943925","share"
"2","night","ride","4.134675000000005","4.594083333333339","0.0222692757009345","share"
"2","night","ride","4.594083333333339","5.053491666666672","0.0164281542056074","share"
"2","night","ride","5.053491666666672","5.512900000000006","0.0169392523364485","share"
"2","night","ride","5.512900000000006","5.97230833333334","0.0188376168224299","share"
"2","night","ride","5.97230833333334","6.431716666666674","0.011536214953271","share"
"2","night","ride","6.431716666666674","6.891125000000008","0.0091997663551401","share"
"2","night","ride","6.891125000000008","7.350533333333342","0.0126314252336448","share"
"2","night","ride","7.350533333333342","7.809941666666676","0.0089807242990654","share"
"2","night","ride","7.809941666666676","8.26935000000001","0.009053738317757","share"
"2","night","ride","8.26935000000001","8.728758333333344","0.0059871495327102","share"
"2","night","ride","8.728758333333344","9.188166666666678","0.0108790887850467","share"
"2","night","ride","9.188166666666678","9.64757500000001","0.0078125","share"
"2","night","ride","9.64757500000001","10.106983333333345","0.0064982476635514","share"
"2","night","ride","10.106983333333345","10.56639166666668","0.007447429906542","share"
"2","night","ride","10.56639166666668","11.025800000000013","0.0059871495327102","share"
"2","night","run","0.0","0.4594083333333338","0.019348714953271","share"
"2","night","run","0.4594083333333338","0.9188166666666676","0.0265040887850467","share"
"2","night","run","0.9188166666666676","1.3782250000000016","0.0228533878504672","share"
"2","night","run","1.3782250000000016","1.8376333333333357","0.0167932242990654","share"
"2","night","run","1.8376333333333357","2.297041666666669","0.0151869158878504","share"
"2","night","run","2.297041666666669","2.756450000000003","0.0134345794392523","share"
"2","night","run","2.756450000000003","3.215858333333337","0.0122663551401869","share"
"2","night","run","3.215858333333337","3.675266666666671","0.0110981308411214","share"
"2","night","run","3.675266666666671","4.134675000000005","0.0089807242990654","share"
"2","night","run","4.134675000000005","4.594083333333339","0.0081775700934579","share"
"2","night","run","4.594083333333339","5.053491666666672","0.0060601635514018","share"
"2","night","run","5.053491666666672","5.512900000000006","0.0056950934579439","share"
"2","night","run","5.512900000000006","5.97230833333334","0.0078125","share"
"2","night","run","5.97230833333334","6.431716666666674","0.0040157710280373","share"
"2","night","run","6.431716666666674","6.891125000000008","0.003723714953271","share"
"2","night","run","6.891125000000008","7.350533333333342","0.0060601635514018","share"
"2","night","run","7.350533333333342","7.809941666666676","0.0032856308411214","share"
"2","night","run","7.809941666666676","8.26935000000001","0.003358644859813","share"
"2","night","run","8.26935000000001","8.728758333333344","0.0034316588785046","share"
"2","night","run","8.728758333333344","9.188166666666678","0.0040157710280373","share"
"2","night","run","9.188166666666678","9.64757500000001","0.0027745327102803","share"
"2","night","run","9.64757500000001","10.106983333333345","0.0042348130841121","share"
"2","night","run","10.106983333333345","10.56639166666668","0.0035046728971962","share"
"2","night","run","10.56639166666668","11.025800000000013","0.0029205607476635","share"
"2","night","walk","0.0","0.4594083333333338","0.0043808411214953","share"
"2","night","walk","0.4594083333333338","0.9188166666666676","0.0051839953271028","share"
"2","night","walk","0.9188166666666676","1.3782250000000016","0.0054030373831775","share"
"2","night","walk","1.3782250000000016","1.8376333333333357","0.0035776869158878","share"
"2","night","walk","1.8376333333333357","2.297041666666669","0.0026285046728971","share"
"2","night","walk","2.297041666666669","2.756450000000003","0.0032856308411214","share"
"2","night","walk","2.756450000000003","3.215858333333337","0.0023364485981308","share"
"2","night","walk","3.215858333333337","3.675266666666671","0.0013872663551401","share"
"2","night","walk","3.675266666666671","4.134675000000005","0.0016063084112149","share"
"2","night","walk","4.134675000000005","4.594083333333339","0.0014602803738317","share"
"2","night","walk","4.594083333333339","5.053491666666672","0.0010221962616822","share"
"2","night","walk","5.053491666666672","5.512900000000006","0.0007301401869158","share"
"2","night","walk","5.512900000000006","5.97230833333334","0.0018253504672897","share"
"2","night","walk","5.97230833333334","6.431716666666674","0.0007301401869158","share"
"2","night","walk","6.431716666666674","6.891125000000008","0.0005841121495327","share"
"2","night","walk","6.891125000000008","7.350533333333342","0.001241238317757","share"
"2","night","walk","7.350533333333342","7.809941666666676","0.0005841121495327","share"
"2","night","walk","7.809941666666676","8.26935000000001","0.0005841121495327","share"
"2","night","walk","8.26935000000001","8.728758333333344","0.0005841121495327","share"
"2","night","walk","8.728758333333344","9.188166666666678","0.0011682242990654","share"
"2","night","walk","9.188166666666678","9.64757500000001","0.0010952102803738","share"
"2","night","walk","9.64757500000001","10.106983333333345","0.0006571261682242","share"
"2","night","walk","10.106983333333345","10.56639166666668","0.0003650700934579","share"
"2","night","walk","10.56639166666668","11.025800000000013","0.0010952102803738","share"
"3","compound","ride","0.0","0.4812333333333334","0.0008985735145456","share"
"3","compound","ride","0.4812333333333334","0.9624666666666668","0.042794563630237","share"
"3","compound","ride","0.9624666666666668","1.4437000000000002","0.0515556553970571","share"
"3","compound","ride","1.4437000000000002","1.9249333333333336","0.0670560485229697","share"
"3","compound","ride","1.9249333333333336","2.406166666666667","0.041222059979782","share"
"3","compound","ride","2.406166666666667","2.8874000000000004","0.0450409974166011","share"
"3","compound","ride","2.8874000000000004","3.368633333333334","0.0424575985622823","share"
"3","compound","ride","3.368633333333334","3.849866666666667","0.0332472200381893","share"
"3","compound","ride","3.849866666666667","4.331100000000001","0.0295406042906885","share"
"3","compound","ride","4.331100000000001","4.812333333333334","0.0515556553970571","share"
"3","compound","ride","4.812333333333334","5.293566666666667","0.0280804223295518","share"
"3","compound","ride","5.293566666666667","5.774800000000001","0.0292036392227339","share"
"3","compound","ride","5.774800000000001","6.256033333333335","0.0190946871840952","share"
"3","compound","ride","6.256033333333335","6.737266666666668","0.0286420307761428","share"
"3","compound","ride","6.737266666666668","7.218500000000001","0.0231382679995507","share"
"3","compound","ride","7.218500000000001","7.699733333333334","0.0152757497472762","share"
"3","compound","ride","7.699733333333334","8.180966666666668","0.0093227002134112","share"
"3","compound","ride","8.180966666666668","8.662200000000002","0.0067393013590924","share"
"3","compound","ride","8.662200000000002","9.143433333333334","0.0102212737279568","share"
"3","compound","ride","9.143433333333334","9.624666666666668","0.0071885881163652","share"
"3","compound","ride","9.624666666666668","10.105900000000002","0.0069639447377288","share"
"3","compound","ride","10.105900000000002","10.587133333333334","0.0088734134561383","share"
"3","compound","ride","10.587133333333334","11.068366666666668","0.0110075255531843","share"
"3","compound","ride","11.068366666666668","11.549600000000002","0.0021341120970459","share"
"3","compound","run","0.0","0.4812333333333334","0.0008985735145456","share"
"3","compound","run","0.4812333333333334","0.9624666666666668","0.0125800292036392","share"
"3","compound","run","0.9624666666666668","1.4437000000000002","0.0167359317084128","share"
"3","compound","run","1.4437000000000002","1.9249333333333336","0.0289789958440974","share"
"3","compound","run","1.9249333333333336","2.406166666666667","0.0161743232618218","share"
"3","compound","run","2.406166666666667","2.8874000000000004","0.0160620015725036","share"
"3","compound","run","2.8874000000000004","3.368633333333334","0.0166236100190946","share"
"3","compound","run","3.368633333333334","3.849866666666667","0.0123553858250028","share"
"3","compound","run","3.849866666666667","4.331100000000001","0.0086487700775019","share"
"3","compound","run","4.331100000000001","4.812333333333334","0.0286420307761428","share"
"3","compound","run","4.812333333333334","5.293566666666667","0.0117937773784117","share"
"3","compound","run","5.293566666666667","5.774800000000001","0.0112321689318207","share"
"3","compound","run","5.774800000000001","6.256033333333335","0.0093227002134112","share"
"3","compound","run","6.256033333333335","6.737266666666668","0.0119060990677299","share"
"3","compound","run","6.737266666666668","7.218500000000001","0.0096596652813658","share"
"3","compound","run","7.218500000000001","7.699733333333334","0.0071885881163652","share"
"3","compound","run","7.699733333333334","8.180966666666668","0.0025833988543187","share"
"3","compound","run","8.180966666666668","8.662200000000002","0.0037066157475008","share"
"3","compound","run","8.662200000000002","9.143433333333334","0.0035942940581826","share"
"3","compound","run","9.143433333333334","9.624666666666668","0.0028080422329551","share"
"3","compound","run","9.624666666666668","10.105900000000002","0.0020217904077277","share"
"3","compound","run","10.105900000000002","10.587133333333334","0.0062900146018196","share"
"3","compound","run","10.587133333333334","11.068366666666668","0.0037066157475008","share"
"3","compound","run","11.068366666666668","11.549600000000002","0.0014601819611366","share"
"3","compound","walk","0.0","0.4812333333333334","0.0001123216893182","share"
"3","compound","walk","0.4812333333333334","0.9624666666666668","0.0055037627765921","share"
"3","compound","walk","0.9624666666666668","1.4437000000000002","0.0053914410872739","share"
"3","compound","walk","1.4437000000000002","1.9249333333333336","0.009210378524093","share"
"3","compound","walk","1.9249333333333336","2.406166666666667","0.0058407278445467","share"
"3","compound","walk","2.406166666666667","2.8874000000000004","0.0056160844659103","share"
"3","compound","walk","2.8874000000000004","3.368633333333334","0.0039312591261372","share"
"3","compound","walk","3.368633333333334","3.849866666666667","0.0024710771650005","share"
"3","compound","walk","3.849866666666667","4.331100000000001","0.0022464337863641","share"
"3","compound","walk","4.331100000000001","4.812333333333334","0.0069639447377288","share"
"3","compound","walk","4.812333333333334","5.293566666666667","0.003257328990228","share"
"3","compound","walk","5.293566666666667","5.774800000000001","0.0034819723688644","share"
"3","compound","walk","5.774800000000001","6.256033333333335","0.0020217904077277","share"
"3","compound","walk","6.256033333333335","6.737266666666668","0.0033696506795462","share"
"3","compound","walk","6.737266666666668","7.218500000000001","0.003257328990228","share"
"3","compound","walk","7.218500000000001","7.699733333333334","0.0025833988543187","share"
"3","compound","walk","7.699733333333334","8.180966666666668","0.0008985735145456","share"
"3","compound","walk","8.180966666666668","8.662200000000002","0.0010108952038638","share"
"3","compound","walk","8.662200000000002","9.143433333333334","0.0008985735145456","share"
"3","compound","walk","9.143433333333334","9.624666666666668","0.0006739301359092","share"
"3","compound","walk","9.624666666666668","10.105900000000002","0.0007862518252274","share"
"3","compound","walk","10.105900000000002","10.587133333333334","0.0022464337863641","share"
"3","compound","walk","10.587133333333334","11.068366666666668","0.0010108952038638","share"
"3","compound","walk","11.068366666666668","11.549600000000002","0.0003369650679546","share"
"3","day","ride","0.0","0.364166666666666","0.0547679698748477","share"
"3","day","ride","0.364166666666666","0.7283333333333321","0.0361058810499501","share"
"3","day","ride","0.7283333333333321","1.092499999999998","0.0508915716026138","share"
"3","day","ride","1.092499999999998","1.456666666666664","0.0544910842839738","share"
"3","day","ride","1.456666666666664","1.8208333333333304","0.04817809281205","share"
"3","day","ride","1.8208333333333304","2.184999999999996","0.0426957581127478","share"
"3","day","ride","2.184999999999996","2.5491666666666624","0.0363273895226492","share"
"3","day","ride","2.5491666666666624","2.913333333333328","0.0326171226049396","share"
"3","day","ride","2.913333333333328","3.277499999999994","0.0282977073873075","share"
"3","day","ride","3.277499999999994","3.641666666666661","0.0297928895780263","share"
"3","day","ride","3.641666666666661","4.005833333333326","0.0202680252519658","share"
"3","day","ride","4.005833333333326","4.369999999999992","0.0196034998338686","share"
"3","day","ride","4.369999999999992","4.734166666666658","0.0255842285967438","share"
"3","day","ride","4.734166666666658","5.098333333333325","0.0298482666962011","share"
"3","day","ride","5.098333333333325","5.462499999999991","0.0179975634068003","share"
"3","day","ride","5.462499999999991","5.826666666666656","0.0216524532063351","share"
"3","day","ride","5.826666666666656","6.190833333333322","0.0100232583896334","share"
"3","day","ride","6.190833333333322","6.554999999999988","0.0149518219071879","share"
"3","day","ride","6.554999999999988","6.919166666666655","0.017333037988703","share"
"3","day","ride","6.919166666666655","7.283333333333321","0.015893232916159","share"
"3","day","ride","7.283333333333321","7.647499999999987","0.009137224498837","share"
"3","day","ride","7.647499999999987","8.011666666666653","0.0078081736626425","share"
"3","day","ride","8.011666666666653","8.375833333333318","0.0031564957359619","share"
"3","day","ride","8.375833333333318","8.739999999999984","0.0030457414996123","share"
"3","day","run","0.0","0.364166666666666","0.0157271015616347","share"
"3","day","run","0.364166666666666","0.7283333333333321","0.0140104108982168","share"
"3","day","run","0.7283333333333321","1.092499999999998","0.0136781481891682","share"
"3","day","run","1.092499999999998","1.456666666666664","0.016613135452431","share"
"3","day","run","1.456666666666664","1.8208333333333304","0.0170007752796544","share"
"3","day","run","1.8208333333333304","2.184999999999996","0.0157271015616347","share"
"3","day","run","2.184999999999996","2.5491666666666624","0.0124598515893232","share"
"3","day","run","2.5491666666666624","2.913333333333328","0.011075423634954","share"
"3","day","run","2.913333333333328","3.277499999999994","0.0099125041532838","share"
"3","day","run","3.277499999999994","3.641666666666661","0.0105216524532063","share"
"3","day","run","3.641666666666661","4.005833333333326","0.0064791228264481","share"
"3","day","run","4.005833333333326","4.369999999999992","0.0070882711263705","share"
"3","day","run","4.369999999999992","4.734166666666658","0.0105216524532063","share"
"3","day","run","4.734166666666658","5.098333333333325","0.0122937202347989","share"
"3","day","run","5.098333333333325","5.462499999999991","0.0074205338354192","share"
"3","day","run","5.462499999999991","5.826666666666656","0.005759220290176","share"
"3","day","run","5.826666666666656","6.190833333333322","0.0042086609812825","share"
"3","day","run","6.190833333333322","6.554999999999988","0.0058699745265256","share"
"3","day","run","6.554999999999988","6.919166666666655","0.0059807287628751","share"
"3","day","run","6.919166666666655","7.283333333333321","0.0052054491084283","share"
"3","day","run","7.283333333333321","7.647499999999987","0.0040979067449329","share"
"3","day","run","7.647499999999987","8.011666666666653","0.0021043304906412","share"
"3","day","run","8.011666666666653","8.375833333333318","0.0007752796544467","share"
"3","day","run","8.375833333333318","8.739999999999984","0.0015505593088935","share"
"3","day","walk","0.0","0.364166666666666","0.0043747923358068","share"
"3","day","walk","0.364166666666666","0.7283333333333321","0.0040425296267582","share"
"3","day","walk","0.7283333333333321","1.092499999999998","0.0044301694539816","share"
"3","day","walk","1.092499999999998","1.456666666666664","0.0043747923358068","share"
"3","day","walk","1.456666666666664","1.8208333333333304","0.0059807287628751","share"
"3","day","walk","1.8208333333333304","2.184999999999996","0.0037102669177096","share"
"3","day","walk","2.184999999999996","2.5491666666666624","0.0036548897995348","share"
"3","day","walk","2.5491666666666624","2.913333333333328","0.0031011186177871","share"
"3","day","walk","2.913333333333328","3.277499999999994","0.0022704618451655","share"
"3","day","walk","3.277499999999994","3.641666666666661","0.002879610145088","share"
"3","day","walk","3.641666666666661","4.005833333333326","0.000941411008971","share"
"3","day","walk","4.005833333333326","4.369999999999992","0.0017166906634178","share"
"3","day","walk","4.369999999999992","4.734166666666658","0.0028242330269132","share"
"3","day","walk","4.734166666666658","5.098333333333325","0.0029349872632628","share"
"3","day","walk","5.098333333333325","5.462499999999991","0.0019381991361169","share"
"3","day","walk","5.462499999999991","5.826666666666656","0.001439805072544","share"
"3","day","walk","5.826666666666656","6.190833333333322","0.0011629194816701","share"
"3","day","walk","6.190833333333322","6.554999999999988","0.0011629194816701","share"
"3","day","walk","6.554999999999988","6.919166666666655","0.0021043304906412","share"
"3","day","walk","6.919166666666655","7.283333333333321","0.0013844279543692","share"
"3","day","walk","7.283333333333321","7.647499999999987","0.0015505593088935","share"
"3","day","walk","7.647499999999987","8.011666666666653","0.0005537711817477","share"
"3","day","walk","8.011666666666653","8.375833333333318","0.0001661313545243","share"
"3","day","walk","8.375833333333318","8.739999999999984","0.0006091482999224","share"
"3","night","ride","0.0","0.3145833333333332","0.0378999179655455","share"
"3","night","ride","0.3145833333333332","0.6291666666666664","0.0426579163248564","share"
"3","night","ride","0.6291666666666664","0.9437499999999996","0.0546349466776045","share"
"3","night","ride","0.9437499999999996","1.2583333333333329","0.0418375717801476","share"
"3","night","ride","1.2583333333333329","1.572916666666666","0.0426579163248564","share"
"3","night","ride","1.572916666666666","1.8874999999999995","0.0421657095980311","share"
"3","night","ride","1.8874999999999995","2.2020833333333325","0.0356029532403609","share"
"3","night","ride","2.2020833333333325","2.5166666666666657","0.0264150943396226","share"
"3","night","ride","2.5166666666666657","2.831249999999999","0.0229696472518457","share"
"3","night","ride","2.831249999999999","3.145833333333332","0.0283839212469237","share"
"3","night","ride","3.145833333333332","3.4604166666666654","0.0231337161607875","share"
"3","night","ride","3.4604166666666654","3.774999999999999","0.0114848236259228","share"
"3","night","ride","3.774999999999999","4.089583333333332","0.0178835110746513","share"
"3","night","ride","4.089583333333332","4.404166666666665","0.0188679245283018","share"
"3","night","ride","4.404166666666665","4.718749999999998","0.0265791632485643","share"
"3","night","ride","4.718749999999998","5.033333333333331","0.0123051681706316","share"
"3","night","ride","5.033333333333331","5.347916666666665","0.0103363412633306","share"
"3","night","ride","5.347916666666665","5.662499999999998","0.0177194421657095","share"
"3","night","ride","5.662499999999998","5.977083333333331","0.0147662018047579","share"
"3","night","ride","5.977083333333331","6.291666666666664","0.008695652173913","share"
"3","night","ride","6.291666666666664","6.6062499999999975","0.0111566858080393","share"
"3","night","ride","6.6062499999999975","6.920833333333331","0.0075471698113207","share"
"3","night","ride","6.920833333333331","7.235416666666664","0.0090237899917965","share"
"3","night","ride","7.235416666666664","7.549999999999997","0.0096800656275635","share"
"3","night","run","0.0","0.3145833333333332","0.0139458572600492","share"
"3","night","run","0.3145833333333332","0.6291666666666664","0.0146021328958162","share"
"3","night","run","0.6291666666666664","0.9437499999999996","0.0205086136177194","share"
"3","night","run","0.9437499999999996","1.2583333333333329","0.0178835110746513","share"
"3","night","run","1.2583333333333329","1.572916666666666","0.0201804757998359","share"
"3","night","run","1.572916666666666","1.8874999999999995","0.0219852337981952","share"
"3","night","run","1.8874999999999995","2.2020833333333325","0.0137817883511074","share"
"3","night","run","2.2020833333333325","2.5166666666666657","0.0136177194421657","share"
"3","night","run","2.5166666666666657","2.831249999999999","0.0114848236259228","share"
"3","night","run","2.831249999999999","3.145833333333332","0.0109926168990976","share"
"3","night","run","3.145833333333332","3.4604166666666654","0.0067268252666119","share"
"3","night","run","3.4604166666666654","3.774999999999999","0.0050861361771944","share"
"3","night","run","3.774999999999999","4.089583333333332","0.0103363412633306","share"
"3","night","run","4.089583333333332","4.404166666666665","0.0075471698113207","share"
"3","night","run","4.404166666666665","4.718749999999998","0.0109926168990976","share"
"3","night","run","4.718749999999998","5.033333333333331","0.0088597210828547","share"
"3","night","run","5.033333333333331","5.347916666666665","0.0050861361771944","share"
"3","night","run","5.347916666666665","5.662499999999998","0.0105004101722723","share"
"3","night","run","5.662499999999998","5.977083333333331","0.0073831009023789","share"
"3","night","run","5.977083333333331","6.291666666666664","0.0027891714520098","share"
"3","night","run","6.291666666666664","6.6062499999999975","0.0039376538146021","share"
"3","night","run","6.6062499999999975","6.920833333333331","0.0036095159967186","share"
"3","night","run","6.920833333333331","7.235416666666664","0.0034454470877768","share"
"3","night","run","7.235416666666664","7.549999999999997","0.0042657916324856","share"
"3","night","walk","0.0","0.3145833333333332","0.0021328958162428","share"
"3","night","walk","0.3145833333333332","0.6291666666666664","0.0039376538146021","share"
"3","night","walk","0.6291666666666664","0.9437499999999996","0.0090237899917965","share"
"3","night","walk","0.9437499999999996","1.2583333333333329","0.0070549630844954","share"
"3","night","walk","1.2583333333333329","1.572916666666666","0.0060705496308449","share"
"3","night","walk","1.572916666666666","1.8874999999999995","0.0057424118129614","share"
"3","night","walk","1.8874999999999995","2.2020833333333325","0.0044298605414273","share"
"3","night","walk","2.2020833333333325","2.5166666666666657","0.0045939294503691","share"
"3","night","walk","2.5166666666666657","2.831249999999999","0.0036095159967186","share"
"3","night","walk","2.831249999999999","3.145833333333332","0.0039376538146021","share"
"3","night","walk","3.145833333333332","3.4604166666666654","0.001968826907301","share"
"3","night","walk","3.4604166666666654","3.774999999999999","0.0004922067268252","share"
"3","night","walk","3.774999999999999","4.089583333333332","0.0016406890894175","share"
"3","night","walk","4.089583333333332","4.404166666666665","0.0021328958162428","share"
"3","night","walk","4.404166666666665","4.718749999999998","0.0032813781788351","share"
"3","night","walk","4.718749999999998","5.033333333333331","0.0027891714520098","share"
"3","night","walk","5.033333333333331","5.347916666666665","0.001968826907301","share"
"3","night","walk","5.347916666666665","5.662499999999998","0.0041017227235438","share"
"3","night","walk","5.662499999999998","5.977083333333331","0.0024610336341263","share"
"3","night","walk","5.977083333333331","6.291666666666664","0.0008203445447087","share"
"3","night","walk","6.291666666666664","6.6062499999999975","0.0022969647251845","share"
"3","night","walk","6.6062499999999975","6.920833333333331","0.001312551271534","share"
"3","night","walk","6.920833333333331","7.235416666666664","0.0014766201804757","share"
"3","night","walk","7.235416666666664","7.549999999999997","0.001968826907301","share"
"4","compound","ride","0.0","0.4599999999999999","0.0021229373733474","share"
"4","compound","ride","0.4599999999999999","0.92","0.0238347968734922","share"
"4","compound","ride","0.92","1.38","0.0361864325002412","share"
"4","compound","ride","1.38","1.84","0.0560648460870404","share"
"4","compound","ride","1.84","2.3","0.0413972787802759","share"
"4","compound","ride","2.3","2.76","0.0596352407603975","share"
"4","compound","ride","2.76","3.22","0.028563157386857","share"
"4","compound","ride","3.22","3.68","0.0470906108269806","share"
"4","compound","ride","3.68","4.14","0.0387918556402586","share"
"4","compound","ride","4.14","4.6","0.0390813471002605","share"
"4","compound","ride","4.6","5.06","0.0250892598668339","share"
"4","compound","ride","5.06","5.52","0.0372479011869149","share"
"4","compound","ride","5.52","5.98","0.0279841744668532","share"
"4","compound","ride","5.98","6.44","0.0165975103734439","share"
"4","compound","ride","6.44","6.9","0.0250892598668339","share"
"4","compound","ride","6.9","7.359999999999999","0.0216153623468107","share"
"4","compound","ride","7.359999999999999","7.819999999999999","0.0151500530734343","share"
"4","compound","ride","7.819999999999999","8.28","0.0135096014667567","share"
"4","compound","ride","8.28","8.739999999999998","0.0241242883334941","share"
"4","compound","ride","8.739999999999998","9.2","0.0146675673067644","share"
"4","compound","ride","9.2","9.66","0.0132201100067548","share"
"4","compound","ride","9.66","10.12","0.012158641320081","share"
"4","compound","ride","10.12","10.579999999999998","0.0168870018334459","share"
"4","compound","ride","10.579999999999998","11.04","0.0112901669400752","share"
"4","compound","run","0.0","0.4599999999999999","0.0005789829200038","share"
"4","compound","run","0.4599999999999999","0.92","0.0094567210267297","share"
"4","compound","run","0.92","1.38","0.0098427096400656","share"
"4","compound","run","1.38","1.84","0.0150535559201003","share"
"4","compound","run","1.84","2.3","0.0152465502267683","share"
"4","compound","run","2.3","2.76","0.0171764932934478","share"
"4","compound","run","2.76","3.22","0.0074302808067162","share"
"4","compound","run","3.22","3.68","0.0198784135867991","share"
"4","compound","run","3.68","4.14","0.0108076811734053","share"
"4","compound","run","4.14","4.6","0.0104216925600694","share"
"4","compound","run","4.6","5.06","0.0061758178133745","share"
"4","compound","run","5.06","5.52","0.0131236128534208","share"
"4","compound","run","5.52","5.98","0.0082987551867219","share"
"4","compound","run","5.98","6.44","0.0042458747466949","share"
"4","compound","run","6.44","6.9","0.0060793206600405","share"
"4","compound","run","6.9","7.359999999999999","0.0084917494933899","share"
"4","compound","run","7.359999999999999","7.819999999999999","0.0044388690533629","share"
"4","compound","run","7.819999999999999","8.28","0.003859886133359","share"
"4","compound","run","8.28","8.739999999999998","0.0069477950400463","share"
"4","compound","run","8.739999999999998","9.2","0.0041493775933609","share"
"4","compound","run","9.2","9.66","0.0035703946733571","share"
"4","compound","run","9.66","10.12","0.0034738975200231","share"
"4","compound","run","10.12","10.579999999999998","0.0030879089066872","share"
"4","compound","run","10.579999999999998","11.04","0.0017369487600115","share"
"4","compound","walk","0.0","0.4599999999999999","0.0004824857666698","share"
"4","compound","walk","0.4599999999999999","0.92","0.0017369487600115","share"
"4","compound","walk","0.92","1.38","0.0027984174466853","share"
"4","compound","walk","1.38","1.84","0.0042458747466949","share"
"4","compound","walk","1.84","2.3","0.0030879089066872","share"
"4","compound","walk","2.3","2.76","0.003859886133359","share"
"4","compound","walk","2.76","3.22","0.0017369487600115","share"
"4","compound","walk","3.22","3.68","0.004052880440027","share"
"4","compound","walk","3.68","4.14","0.0019299430666795","share"
"4","compound","walk","4.14","4.6","0.0024124288333494","share"
"4","compound","walk","4.6","5.06","0.0013509601466756","share"
"4","compound","walk","5.06","5.52","0.0018334459133455","share"
"4","compound","walk","5.52","5.98","0.0009649715333397","share"
"4","compound","walk","5.98","6.44","0.0010614686866737","share"
"4","compound","walk","6.44","6.9","0.0018334459133455","share"
"4","compound","walk","6.9","7.359999999999999","0.0020264402200135","share"
"4","compound","walk","7.359999999999999","7.819999999999999","0.0010614686866737","share"
"4","compound","walk","7.819999999999999","8.28","0.0002894914600019","share"
"4","compound","walk","8.28","8.739999999999998","0.0014474573000096","share"
"4","compound","walk","8.739999999999998","9.2","0.0009649715333397","share"
"4","compound","walk","9.2","9.66","0.0012544629933416","share"
"4","compound","walk","9.66","10.12","0.0008684743800057","share"
"4","compound","walk","10.12","10.579999999999998","0.0010614686866737","share"
"4","compound","walk","10.579999999999998","11.04","0.0002894914600019","share"
"4","day","ride","0.0","0.3375000000000005","0.0598272196356002","share"
"4","day","ride","0.3375000000000005","0.675000000000001","0.0508114218047743","share"
"4","day","ride","0.675000000000001","1.0125000000000015","0.0525338428829022","share"
"4","day","ride","1.0125000000000015","1.350000000000002","0.0426299216836666","share"
"4","day","ride","1.350000000000002","1.6875000000000029","0.0470167128670237","share"
"4","day","ride","1.6875000000000029","2.025000000000003","0.0456441585703905","share"
"4","day","ride","2.025000000000003","2.362500000000004","0.0387275614285329","share"
"4","day","ride","2.362500000000004","2.700000000000004","0.0318647899453669","share"
"4","day","ride","2.700000000000004","3.0375000000000045","0.0328605646311596","share"
"4","day","ride","3.0375000000000045","3.3750000000000053","0.0339639906343353","share"
"4","day","ride","3.3750000000000053","3.7125000000000057","0.0287967273999515","share"
"4","day","ride","3.7125000000000057","4.050000000000006","0.0262938342707968","share"
"4","day","ride","4.050000000000006","4.387500000000006","0.0243022848992114","share"
"4","day","ride","4.387500000000006","4.725000000000008","0.0246790645100519","share"
"4","day","ride","4.725000000000008","5.062500000000008","0.0155825281911887","share"
"4","day","ride","5.062500000000008","5.400000000000008","0.0159054821433377","share"
"4","day","ride","5.400000000000008","5.737500000000009","0.0135640659902575","share"
"4","day","ride","5.737500000000009","6.075000000000009","0.012756681109885","share"
"4","day","ride","6.075000000000009","6.41250000000001","0.0142099738945555","share"
"4","day","ride","6.41250000000001","6.750000000000011","0.0085582797319482","share"
"4","day","ride","6.750000000000011","7.087500000000011","0.0094464031003579","share"
"4","day","ride","7.087500000000011","7.425000000000011","0.0071049869472777","share"
"4","day","ride","7.425000000000011","7.762500000000012","0.005678606991953","share"
"4","day","ride","7.762500000000012","8.100000000000012","0.0085044540732567","share"
"4","day","run","0.0","0.3375000000000005","0.0151788357510025","share"
"4","day","run","0.3375000000000005","0.675000000000001","0.0146405791640875","share"
"4","day","run","0.675000000000001","1.0125000000000015","0.014048496918481","share"
"4","day","run","1.0125000000000015","1.350000000000002","0.0118147320827838","share"
"4","day","run","1.350000000000002","1.6875000000000029","0.012541378475119","share"
"4","day","run","1.6875000000000029","2.025000000000003","0.0127028554511935","share"
"4","day","run","2.025000000000003","2.362500000000004","0.0110611728611028","share"
"4","day","run","2.362500000000004","2.700000000000004","0.0086928438786769","share"
"4","day","run","2.700000000000004","3.0375000000000045","0.0088004951960599","share"
"4","day","run","3.0375000000000045","3.3750000000000053","0.0105229162741879","share"
"4","day","run","3.3750000000000053","3.7125000000000057","0.0093656646123206","share"
"4","day","run","3.7125000000000057","4.050000000000006","0.0075625050461555","share"
"4","day","run","4.050000000000006","4.387500000000006","0.006324514896251","share"
"4","day","run","4.387500000000006","4.725000000000008","0.0066205560190542","share"
"4","day","run","4.725000000000008","5.062500000000008","0.0040100115725166","share"
"4","day","run","5.062500000000008","5.400000000000008","0.005248001722421","share"
"4","day","run","5.400000000000008","5.737500000000009","0.0039830987431708","share"
"4","day","run","5.737500000000009","6.075000000000009","0.0034717549856016","share"
"4","day","run","6.075000000000009","6.41250000000001","0.0037677961084048","share"
"4","day","run","6.41250000000001","6.750000000000011","0.0023145033237344","share"
"4","day","run","6.750000000000011","7.087500000000011","0.0028527599106494","share"
"4","day","run","7.087500000000011","7.425000000000011","0.0026643701052291","share"
"4","day","run","7.425000000000011","7.762500000000012","0.0015071184433619","share"
"4","day","run","7.762500000000012","8.100000000000012","0.0027181957639206","share"
"4","day","walk","0.0","0.3375000000000005","0.0040638372312081","share"
"4","day","walk","0.3375000000000005","0.675000000000001","0.0041445757192453","share"
"4","day","walk","0.675000000000001","1.0125000000000015","0.0030680625454153","share"
"4","day","walk","1.0125000000000015","1.350000000000002","0.0030949753747611","share"
"4","day","walk","1.350000000000002","1.6875000000000029","0.0032833651801813","share"
"4","day","walk","1.6875000000000029","2.025000000000003","0.0032564523508356","share"
"4","day","walk","2.025000000000003","2.362500000000004","0.0028527599106494","share"
"4","day","walk","2.362500000000004","2.700000000000004","0.0022875904943886","share"
"4","day","walk","2.700000000000004","3.0375000000000045","0.0024221546411174","share"
"4","day","walk","3.0375000000000045","3.3750000000000053","0.0023952418117716","share"
"4","day","walk","3.3750000000000053","3.7125000000000057","0.0026643701052291","share"
"4","day","walk","3.7125000000000057","4.050000000000006","0.0019915493715854","share"
"4","day","walk","4.050000000000006","4.387500000000006","0.0017493339074736","share"
"4","day","walk","4.387500000000006","4.725000000000008","0.0014263799553247","share"
"4","day","walk","4.725000000000008","5.062500000000008","0.0011841644912129","share"
"4","day","walk","5.062500000000008","5.400000000000008","0.0014802056140162","share"
"4","day","walk","5.400000000000008","5.737500000000009","0.0008612105390639","share"
"4","day","walk","5.737500000000009","6.075000000000009","0.0009150361977554","share"
"4","day","walk","6.075000000000009","6.41250000000001","0.0005920822456064","share"
"4","day","walk","6.41250000000001","6.750000000000011","0.0004306052695319","share"
"4","day","walk","6.750000000000011","7.087500000000011","0.0008612105390639","share"
"4","day","walk","7.087500000000011","7.425000000000011","0.0007804720510267","share"
"4","day","walk","7.425000000000011","7.762500000000012","0.0002960411228032","share"
"4","day","walk","7.762500000000012","8.100000000000012","0.0007804720510267","share"
"4","night","ride","0.0","0.3152083333333336","0.0310676779463243","share"
"4","night","ride","0.3152083333333336","0.6304166666666672","0.0452158693115519","share"
"4","night","ride","0.6304166666666672","0.9456250000000008","0.0494457409568261","share"
"4","night","ride","0.9456250000000008","1.2608333333333344","0.0328179696616102","share"
"4","night","ride","1.2608333333333344","1.576041666666668","0.0389439906651108","share"
"4","night","ride","1.576041666666668","1.8912500000000017","0.0338389731621937","share"
"4","night","ride","1.8912500000000017","2.206458333333335","0.028879813302217","share"
"4","night","ride","2.206458333333335","2.5216666666666687","0.0275670945157526","share"
"4","night","ride","2.5216666666666687","2.8368750000000023","0.0336931155192532","share"
"4","night","ride","2.8368750000000023","3.152083333333336","0.0242123687281213","share"
"4","night","ride","3.152083333333336","3.4672916666666693","0.028588098016336","share"
"4","night","ride","3.4672916666666693","3.7825000000000033","0.0293173862310385","share"
"4","night","ride","3.7825000000000033","4.097708333333337","0.0196907817969661","share"
"4","night","ride","4.097708333333337","4.41291666666667","0.0223162193698949","share"
"4","night","ride","4.41291666666667","4.728125000000004","0.0129813302217036","share"
"4","night","ride","4.728125000000004","5.043333333333337","0.0156067677946324","share"
"4","night","ride","5.043333333333337","5.358541666666671","0.0151691948658109","share"
"4","night","ride","5.358541666666671","5.6737500000000045","0.0255250875145857","share"
"4","night","ride","5.6737500000000045","5.988958333333338","0.0116686114352392","share"
"4","night","ride","5.988958333333338","6.304166666666672","0.0058343057176196","share"
"4","night","ride","6.304166666666672","6.619375000000005","0.0138564760793465","share"
"4","night","ride","6.619375000000005","6.934583333333339","0.013418903150525","share"
"4","night","ride","6.934583333333339","7.249791666666672","0.0115227537922987","share"
"4","night","ride","7.249791666666672","7.565000000000007","0.0088973162193698","share"
"4","night","run","0.0","0.3152083333333336","0.0167736289381563","share"
"4","night","run","0.3152083333333336","0.6304166666666672","0.0185239206534422","share"
"4","night","run","0.6304166666666672","0.9456250000000008","0.0228996499416569","share"
"4","night","run","0.9456250000000008","1.2608333333333344","0.0119603267211201","share"
"4","night","run","1.2608333333333344","1.576041666666668","0.0148774795799299","share"
"4","night","run","1.576041666666668","1.8912500000000017","0.0126896149358226","share"
"4","night","run","1.8912500000000017","2.206458333333335","0.0122520420070011","share"
"4","night","run","2.206458333333335","2.5216666666666687","0.0096266044340723","share"
"4","night","run","2.5216666666666687","2.8368750000000023","0.0103558926487747","share"
"4","night","run","2.8368750000000023","3.152083333333336","0.0087514585764294","share"
"4","night","run","3.152083333333336","3.4672916666666693","0.0116686114352392","share"
"4","night","run","3.4672916666666693","3.7825000000000033","0.0118144690781796","share"
"4","night","run","3.7825000000000033","4.097708333333337","0.0051050175029171","share"
"4","night","run","4.097708333333337","4.41291666666667","0.0053967327887981","share"
"4","night","run","4.41291666666667","4.728125000000004","0.0049591598599766","share"
"4","night","run","4.728125000000004","5.043333333333337","0.0030630105017502","share"
"4","night","run","5.043333333333337","5.358541666666671","0.0046674445740956","share"
"4","night","run","5.358541666666671","5.6737500000000045","0.0058343057176196","share"
"4","night","run","5.6737500000000045","5.988958333333338","0.0033547257876312","share"
"4","night","run","5.988958333333338","6.304166666666672","0.0021878646441073","share"
"4","night","run","6.304166666666672","6.619375000000005","0.0026254375729288","share"
"4","night","run","6.619375000000005","6.934583333333339","0.0021878646441073","share"
"4","night","run","6.934583333333339","7.249791666666672","0.0032088681446907","share"
"4","night","run","7.249791666666672","7.565000000000007","0.0045215869311551","share"
"4","night","walk","0.0","0.3152083333333336","0.0035005834305717","share"
"4","night","walk","0.3152083333333336","0.6304166666666672","0.0077304550758459","share"
"4","night","walk","0.6304166666666672","0.9456250000000008","0.006563593932322","share"
"4","night","walk","0.9456250000000008","1.2608333333333344","0.0033547257876312","share"
"4","night","walk","1.2608333333333344","1.576041666666668","0.0043757292882147","share"
"4","night","walk","1.576041666666668","1.8912500000000017","0.0032088681446907","share"
"4","night","walk","1.8912500000000017","2.206458333333335","0.0035005834305717","share"
"4","night","walk","2.206458333333335","2.5216666666666687","0.0024795799299883","share"
"4","night","walk","2.5216666666666687","2.8368750000000023","0.0024795799299883","share"
"4","night","walk","2.8368750000000023","3.152083333333336","0.0026254375729288","share"
"4","night","walk","3.152083333333336","3.4672916666666693","0.0021878646441073","share"
"4","night","walk","3.4672916666666693","3.7825000000000033","0.0018961493582263","share"
"4","night","walk","3.7825000000000033","4.097708333333337","0.0011668611435239","share"
"4","night","walk","4.097708333333337","4.41291666666667","0.0011668611435239","share"
"4","night","walk","4.41291666666667","4.728125000000004","0.0011668611435239","share"
"4","night","walk","4.728125000000004","5.043333333333337","0.0007292882147024","share"
"4","night","walk","5.043333333333337","5.358541666666671","0.0002917152858809","share"
"4","night","walk","5.358541666666671","5.6737500000000045","0.0016044340723453","share"
"4","night","walk","5.6737500000000045","5.988958333333338","0.0002917152858809","share"
"4","night","walk","5.988958333333338","6.304166666666672","0.0005834305717619","share"
"4","night","walk","6.304166666666672","6.619375000000005","0.0010210035005834","share"
"4","night","walk","6.619375000000005","6.934583333333339","0.0011668611435239","share"
"4","night","walk","6.934583333333339","7.249791666666672","0.0013127187864644","share"
"4","night","walk","7.249791666666672","7.565000000000007","0.0005834305717619","share"
