"path","module","bytes","sha256","rows","columns_n","column_names","repository_role"
"analysis_code/02_ppml_post_event/data/city_atlas/ppml_city_coverage_75city.csv","02_ppml_post_event","3428","570bc0d01e62c34ac219b5753ff88f8fce16cdf0b366e32a9f1ba436ff5c2db2","75","4","city|city_order|model_available|status","compact_figure_or_summary_data"
"analysis_code/02_ppml_post_event/data/city_atlas/ppml_city_lag_observed_63city.csv","02_ppml_post_event","181006","b1dd95ae0a37e77c1840b567069d720039f2e0086b61f34c3132e4dd4ea34b40","756","19","term|estimate|std.error|statistic|p.value|conf.low|conf.high|city|lag|pct|pct_low|pct_high|n_obs|city_key|city_order|panel_row|panel_col|significant_05|effect_direction","compact_figure_or_summary_data"
"analysis_code/02_ppml_post_event/data/city_atlas/ppml_city_lag_source_data_75grid.csv","02_ppml_post_event","174116","be7652aabe4a6a5f6b9724fcf82901fc008cdade8356a263b4d646e83b8141a1","900","18","city_key|lag|city|city_order|panel_row|panel_col|model_available|estimate|std.error|p.value|conf.low|conf.high|pct|pct_low|pct_high|n_obs|significant_05|effect_direction","compact_figure_or_summary_data"
"analysis_code/02_ppml_post_event/data/city_atlas/ppml_city_summary_75city.csv","02_ppml_post_event","8914","2992da2ab57423ea246d575992d70dee4e9c50f6a5a005971111913436ce1627","75","13","city|city_order|model_available|n_obs|n_lags|n_significant_suppression|n_significant_enhancement|latest_significant_lag|strongest_suppression_lag|strongest_suppression_pct|strongest_suppression_pct_low|strongest_suppression_pct_high|status","compact_figure_or_summary_data"
"analysis_code/02_ppml_post_event/data/city_lag_estimates_12day.csv","02_ppml_post_event","149616","807626941096c85638ba8c782fac5069a90f2da7bae96fe3bace0612335a8824","756","13","term|estimate|std.error|statistic|p.value|conf.low|conf.high|city|lag|pct|pct_low|pct_high|n_obs","compact_figure_or_summary_data"
"analysis_code/02_ppml_post_event/data/city_lag_estimates_7day.csv","02_ppml_post_event","86982","b1683e1129228310a7d8ee306b87d98fae344dbdbd989d38eec81180c702aa6f","441","13","term|estimate|std.error|statistic|p.value|conf.low|conf.high|city|lag|pct|pct_low|pct_high|n_obs","compact_figure_or_summary_data"
"analysis_code/02_ppml_post_event/data/city_order_75.csv","02_ppml_post_event","981","e3af2b51c4221f47b355fe71abfd23772d377cd25cefa10a57d0f0d184f7483f","75","1","city","compact_figure_or_summary_data"
"analysis_code/02_ppml_post_event/data/figure2_summary/fig1_city_lag_points_12day.csv","02_ppml_post_event","124968","3f77702272cbf1c514c5d662155442b1f8d73426d17e31ba0c178ab85fde9faf","756","15","city|lag|estimate|std.error|p.value|n_obs|pct|sig05|sig01|sig001|stars|direction|inside_plot_range|plot_ymin_pct|plot_ymax_pct","compact_figure_or_summary_data"
"analysis_code/02_ppml_post_event/data/figure2_summary/fig1_city_overall_12day.csv","02_ppml_post_event","10713","a40e335c97bb7bfb8319a10d48224e649b5c1bf705561d7b3f9e5598c9e8f1d3","63","11","city|mu|se|lo|hi|p|n_obs|pct|pct_lo|pct_hi|rank_by_overall_effect","compact_figure_or_summary_data"
"analysis_code/02_ppml_post_event/data/figure2_summary/fig1_lag_direction_tally_12day.csv","02_ppml_post_event","227","6337f347002e606b8e7e93e694aeb71330b90e1fb4e02cb2b48510fbbf230423","12","5","lag|PA_down|non_significant|PA_up|n_cities","compact_figure_or_summary_data"
"analysis_code/02_ppml_post_event/data/figure2_summary/fig1_package_manifest.csv","02_ppml_post_event","3892","1e4d0aece869dcbe434d1ca58cc30901837eb065f684df2139f74c33c6ae5d2b","35","6","kind|name|role|source_figure|path|bytes","compact_figure_or_summary_data"
"analysis_code/02_ppml_post_event/data/figure2_summary/fig1_pooled_lag_response_12day_summary.csv","02_ppml_post_event","3506","942939bf0bc00619f7c1e2da4a03bbc20710c4a524b2ebf9dd1df20a6c43a696","12","17","lag|mu|se|lo|hi|p|tau2|k|Q|pct|pct_lo|pct_hi|n_cities|n_sig05_cities|plot_ymin_pct|plot_ymax_pct|axis_scaled_from","compact_figure_or_summary_data"
"analysis_code/02_ppml_post_event/data/figure2_summary/fig1_top_movers_12day.csv","02_ppml_post_event","5460","2c6093644c7cb9bae91f29b13fc7c708844b64e1ed21be399dd53f5c1bef7baa","30","11","city|mu|se|lo|hi|p|n_obs|pct|pct_lo|pct_hi|panel","compact_figure_or_summary_data"
"analysis_code/02_ppml_post_event/data/figure2_summary/run_manifest.csv","02_ppml_post_event","3526","933f06da437fef3ced39890a75cbc31a073e501731b57414ce6b6634ba0d68d5","42","6","kind|run|name|format|path|bytes","compact_figure_or_summary_data"
"analysis_code/03_dtw_phenotypes/data/lowess_outputs/city_lag_assignment_by_dtw_cluster.csv","03_dtw_phenotypes","4922","322eba1492156619a2aa574ecfc72651284b4b15ad9ede24f3c53a98df94ffe2","63","12","city|cluster|main_lag_days|strong_sensitivity_days|fixed_7day_control|is_outlier|outlier_assigned_by|cluster_ci_low|cluster_ci_median|cluster_ci_high|persistent_at_day12_fraction|plot_y","compact_figure_or_summary_data"
"analysis_code/03_dtw_phenotypes/data/lowess_outputs/panel_a_k4_lowess_evidence.csv","03_dtw_phenotypes","85682","9f90f07efd8f4fd6e72fe740fa27c186052428574b8ee1fdce837ec8c7ff3069","884","12","cluster|lag|bootstrap_low|bootstrap_median|bootstrap_high|lowess_neglog10_fdr|n_core_cities|mean_beta|stouffer_z|stouffer_p|stouffer_p_fdr|neglog10_fdr","compact_figure_or_summary_data"
"analysis_code/03_dtw_phenotypes/data/lowess_outputs/panel_b_k4_lag_assignment.csv","03_dtw_phenotypes","910","60e32fb4bfb250cd65ba911db323c91c8f625dbd39725a6d66f8f55594cd53f9","8","16","cluster|n_total_cities|n_core_cities|endpoint|estimate_days|bootstrap_low|bootstrap_median|bootstrap_high|persistent_at_day12_fraction|group_mean_strong|group_median_strong|group_mean_overall|group_median_overall|main_lag_days|strong_sensitivity_days|fixed_7day_control","compact_figure_or_summary_data"
"analysis_code/03_dtw_phenotypes/data/results/city_cluster_5group_12d_ward_k4.csv","03_dtw_phenotypes","2923","26b9caae45e2d8b19986c4433951146091cceeb04bc622e114cc7137287a8f2d","75","7","city|cluster|is_outlier|group|latitude|longitude|has_ppml_estimate","compact_figure_or_summary_data"
"analysis_code/03_dtw_phenotypes/data/results/city_cluster_optimized_12d_ward_k4.csv","03_dtw_phenotypes","38259","f112b032da63bd50a2cf53cbf0c23a8b8016170b1a8ec0ec14e45b6a7ef17f18","63","37","city|cluster|is_outlier|beta_max_abs|outlier_assigned_by|peak_lag|peak_val|early_auc|late_auc|ratio_early_late|monotone|decay_slope|n_sig|beta_lag1|pval_lag1|beta_lag2|pval_lag2|beta_lag3|pval_lag3|beta_lag4|pval_lag4|beta_lag5|pval_lag5|beta_lag6|pval_lag6|beta_lag7|pval_lag7|beta_lag8|pval_lag8|beta_lag9|pval_lag9|beta_lag10|pval_lag10|beta_lag11|pval_lag11|beta_lag12|pval_lag12","compact_figure_or_summary_data"
"analysis_code/03_dtw_phenotypes/data/results/dlnm_lag_assignment_main12_vs_7day_control.csv","03_dtw_phenotypes","12116","d7a21f1636472d33c9068017e3c69a3c18f5b72ceff4ce9fccde150c415bcdc4","75","14","City|Group|Strong days|Overall days|Duration band|Group median strong|Group mean strong|Group median overall|Group mean overall|DLNM_lag_days_main|DLNM_lag_days_strong_sensitivity|DLNM_lag_days_7d_control|Main_lag_definition|Control_lag_definition","compact_figure_or_summary_data"
"analysis_code/03_dtw_phenotypes/data/results/figure3_summary_metrics.csv","03_dtw_phenotypes","340","5bbfc298c8a62e4ce4d932cb8b08ccc0ccd7ee7c8cbc60cd87652e1f066e1850","5","8","cluster|n|n_outliers|tag|silhouette|mean_corr_to_centroid|rmse_to_centroid|group","compact_figure_or_summary_data"
"analysis_code/03_dtw_phenotypes/data/results/k_search_table_ward_main.csv","03_dtw_phenotypes","256","9c116078a27ac19d1d9c5b0a0544fb21834347d7b8beea8cbedcb000112ef94f","2","8","method|k|min_size|max_size|silhouette|calinski_harabasz|davies_bouldin|composite","compact_figure_or_summary_data"
"analysis_code/03_dtw_phenotypes/data/results/ward_k4_12d_75city_lowess_multi_threshold_effect_days_clean.csv","03_dtw_phenotypes","4767","02474612e9960f0ab0734a423495220cf140674f1d971211bdd15247bfbd328f","75","9","City|Group|Strong days|Overall days|Duration band|Group median strong|Group mean strong|Group median overall|Group mean overall","compact_figure_or_summary_data"
"analysis_code/03_dtw_phenotypes/data/results/ward_k4_12d_group_lowess_duration_summary.csv","03_dtw_phenotypes","351","b56a48af882b0f02d9719b6733b93ae0512f15842eb49da022461e16a2769e1c","5","9","Group|n_meta_cities_core|Strong days|Overall days|Duration band|FDR001_cross|FDR01_cross|FDR05_cross|raw_FDR05_significant_lags","compact_figure_or_summary_data"
"analysis_code/03_dtw_phenotypes/data/shape_features_standardized.csv","03_dtw_phenotypes","7905","e239913ba4cce314754583409cacc3d0f9bc717c6e19db27871715193da256d2","63","14","unnamed_index|peak_lag|peak_val|early_auc|late_auc|ratio_early_late|monotone|decay_slope|n_sig|cluster|is_outlier|total_all_mean_avg|GDP_mean_avg|n_grids","compact_figure_or_summary_data"
"analysis_code/04_dlnm_response/data/city_lag_atlas/archived_rds_audit.csv","04_dlnm_response","739881","1d08b2127e281c860df66a7f00c7514d36487f0111518c65881153ffeff58843","1017","15","scenario|file|indicator|model_type|max_lag|includes_temperature_control|temperature_control_col|temperature_control_error|formula|exposure_knots|exposure_boundary_knots|cb_knots|cb_boundary_knots|top_level_names|model_names","compact_figure_or_summary_data"
"analysis_code/04_dlnm_response/data/city_lag_atlas/city_histogram_source_data.csv","04_dlnm_response","655887","08c763b23ce89ea2d7c7ffc720c4c21e2ab8afe17ee7966cfb38baba136a0e8c","5004","11","xmin|xmax|count|density_scaled|tail|indicator|model_type|city_code|dtw_cluster|support_boundary|plot_max","compact_figure_or_summary_data"
"analysis_code/04_dlnm_response/data/city_lag_atlas/city_model_basis_consistency.csv","04_dlnm_response","20324","0dcfd374c49cfe8ba709c39f5d2bf86093c7ba8049f3e2de60301dcddd6ba5a0","400","9","city_code|indicator|model_type|n_scenarios|n_exposure_knot_sets|n_exposure_boundary_sets|n_temperature_columns|basis_consistent|temperature_source_consistent","compact_figure_or_summary_data"
"analysis_code/04_dlnm_response/data/city_lag_atlas/city_model_coverage_complete_grid.csv","04_dlnm_response","597405","d00043fddc365efc8ffa5d91c1dfdbced1a29d9df7ffb9b2bf7420da73fb28b7","1350","34","city_code|indicator|model_type|scenario|city|dtw_group|dtw_cluster|dynamic_lag_days|actual_lag_days|expected_lag_days|lag_match|includes_temperature_control|temperature_control_col|exposure_knots|exposure_boundaries|n_obs|n_grids|positive_grid_days|exposure_p25|support_boundary_p95|plot_boundary_p99|rr_p25|rr_p25_low|rr_p25_high|rr_p95|rr_p95_low|rr_p95_high|rr_weighted_p99|rr_weighted_p99_low|rr_weighted_p99_high|overall_wald_p|deviance_explained|rds_path|model_available","compact_figure_or_summary_data"
"analysis_code/04_dlnm_response/data/city_lag_atlas/city_model_input_manifest.csv","04_dlnm_response","182187","7967425bfbc1088ce3cbe30889da530662fddaeed20e8fcf5a0513ea8ec0abec","1200","10","scenario|indicator|model_type|city_code|rds_path|city|dtw_group|dtw_cluster|dynamic_lag_days|heat_type","compact_figure_or_summary_data"
"analysis_code/04_dlnm_response/data/city_lag_atlas/city_model_metrics_long.csv","04_dlnm_response","554538","356df158f20b1e2632ad986ef65677cb461cd31758304b30fa0b547e0b9cf23c","1200","31","city_code|indicator|model_type|scenario|dtw_cluster|dynamic_lag_days|actual_lag_days|expected_lag_days|lag_match|includes_temperature_control|temperature_control_col|exposure_knots|exposure_boundaries|n_obs|n_grids|positive_grid_days|exposure_p25|support_boundary_p95|plot_boundary_p99|rr_p25|rr_p25_low|rr_p25_high|rr_p95|rr_p95_low|rr_p95_high|rr_weighted_p99|rr_weighted_p99_low|rr_weighted_p99_high|overall_wald_p|deviance_explained|rds_path","compact_figure_or_summary_data"
"analysis_code/04_dlnm_response/data/city_lag_atlas/city_model_qa_failures.csv","04_dlnm_response","446","5d927fdb3ffceb88927e2b1c859ee48adb3910b66dd70630aada6bae949d2303","0","31","city_code|indicator|model_type|scenario|dtw_cluster|dynamic_lag_days|actual_lag_days|expected_lag_days|lag_match|includes_temperature_control|temperature_control_col|exposure_knots|exposure_boundaries|n_obs|n_grids|positive_grid_days|exposure_p25|support_boundary_p95|plot_boundary_p99|rr_p25|rr_p25_low|rr_p25_high|rr_p95|rr_p95_low|rr_p95_high|rr_weighted_p99|rr_weighted_p99_low|rr_weighted_p99_high|overall_wald_p|deviance_explained|rds_path","compact_figure_or_summary_data"
"analysis_code/04_dlnm_response/data/city_lag_reports/lag_sensitivity_summary.csv","04_dlnm_response","895","9ac209d8f18c96c5aaeda114eed4e7e775d12eea00368895a1ed92080ef98359","12","7","indicator|model_type|comparison|n_city_pairs|spearman_rho|median_absolute_log_rr_difference|sign_agreement_percent","compact_figure_or_summary_data"
"analysis_code/04_dlnm_response/data/city_lag_reports/model_coverage_summary.csv","04_dlnm_response","1399","eef481b89cf6c36e8a6c2265003c2ad10cc87f999cb74894cea3af8f4ebeb7c0","36","5","indicator|model_type|scenario|model_available|n_cities","compact_figure_or_summary_data"
"analysis_code/04_dlnm_response/data/city_submission_tables/nature_submission_75city_cehwi_composite.csv","04_dlnm_response","26469","156543990ff5a60eb46cefd9f9e6bdbfa9d0f5db3931f5bb3c06282d652b83e5","75","31","city|city_code|dtw_cluster|dynamic_lag_days|dynamic_model_available|lag12_model_available|lag7_model_available|dynamic_n_obs|lag12_n_obs|lag7_n_obs|dynamic_n_grids|lag12_n_grids|lag7_n_grids|dynamic_positive_grid_days|lag12_positive_grid_days|lag7_positive_grid_days|dynamic_rr_p25_95ci|lag12_rr_p25_95ci|lag7_rr_p25_95ci|dynamic_rr_p95_95ci|lag12_rr_p95_95ci|lag7_rr_p95_95ci|dynamic_rr_weighted_p99_95ci|lag12_rr_weighted_p99_95ci|lag7_rr_weighted_p99_95ci|dynamic_overall_wald_p|lag12_overall_wald_p|lag7_overall_wald_p|dynamic_deviance_explained|lag12_deviance_explained|lag7_deviance_explained","compact_figure_or_summary_data"
"analysis_code/04_dlnm_response/data/city_submission_tables/nature_submission_75city_cehwi_daytime.csv","04_dlnm_response","29007","ec315649941a9e33b3cf9988cfc9f928ee8d8452192b0f831531406e3ddf6f2e","75","31","city|city_code|dtw_cluster|dynamic_lag_days|dynamic_model_available|lag12_model_available|lag7_model_available|dynamic_n_obs|lag12_n_obs|lag7_n_obs|dynamic_n_grids|lag12_n_grids|lag7_n_grids|dynamic_positive_grid_days|lag12_positive_grid_days|lag7_positive_grid_days|dynamic_rr_p25_95ci|lag12_rr_p25_95ci|lag7_rr_p25_95ci|dynamic_rr_p95_95ci|lag12_rr_p95_95ci|lag7_rr_p95_95ci|dynamic_rr_weighted_p99_95ci|lag12_rr_weighted_p99_95ci|lag7_rr_weighted_p99_95ci|dynamic_overall_wald_p|lag12_overall_wald_p|lag7_overall_wald_p|dynamic_deviance_explained|lag12_deviance_explained|lag7_deviance_explained","compact_figure_or_summary_data"
"analysis_code/04_dlnm_response/data/city_submission_tables/nature_submission_75city_cehwi_nighttime.csv","04_dlnm_response","26560","34b26f5af1d15721a227996cdbdc2d8346a1da5cf36313bc60c9e3b9d26136c5","75","31","city|city_code|dtw_cluster|dynamic_lag_days|dynamic_model_available|lag12_model_available|lag7_model_available|dynamic_n_obs|lag12_n_obs|lag7_n_obs|dynamic_n_grids|lag12_n_grids|lag7_n_grids|dynamic_positive_grid_days|lag12_positive_grid_days|lag7_positive_grid_days|dynamic_rr_p25_95ci|lag12_rr_p25_95ci|lag7_rr_p25_95ci|dynamic_rr_p95_95ci|lag12_rr_p95_95ci|lag7_rr_p95_95ci|dynamic_rr_weighted_p99_95ci|lag12_rr_weighted_p99_95ci|lag7_rr_weighted_p99_95ci|dynamic_overall_wald_p|lag12_overall_wald_p|lag7_overall_wald_p|dynamic_deviance_explained|lag12_deviance_explained|lag7_deviance_explained","compact_figure_or_summary_data"
"analysis_code/04_dlnm_response/data/city_submission_tables/nature_submission_75city_exceeded_quantity_composite.csv","04_dlnm_response","26330","36369794b123097e4653a5db375e6268cd5824b5eeb1c0fee096cf77ca8a2cfc","75","31","city|city_code|dtw_cluster|dynamic_lag_days|dynamic_model_available|lag12_model_available|lag7_model_available|dynamic_n_obs|lag12_n_obs|lag7_n_obs|dynamic_n_grids|lag12_n_grids|lag7_n_grids|dynamic_positive_grid_days|lag12_positive_grid_days|lag7_positive_grid_days|dynamic_rr_p25_95ci|lag12_rr_p25_95ci|lag7_rr_p25_95ci|dynamic_rr_p95_95ci|lag12_rr_p95_95ci|lag7_rr_p95_95ci|dynamic_rr_weighted_p99_95ci|lag12_rr_weighted_p99_95ci|lag7_rr_weighted_p99_95ci|dynamic_overall_wald_p|lag12_overall_wald_p|lag7_overall_wald_p|dynamic_deviance_explained|lag12_deviance_explained|lag7_deviance_explained","compact_figure_or_summary_data"
"analysis_code/04_dlnm_response/data/city_submission_tables/nature_submission_75city_exceeded_quantity_daytime.csv","04_dlnm_response","29065","8440bfa39fb29c7203a61ab3cf9d5f14adccf621d17d9848ed383a2b04722961","75","31","city|city_code|dtw_cluster|dynamic_lag_days|dynamic_model_available|lag12_model_available|lag7_model_available|dynamic_n_obs|lag12_n_obs|lag7_n_obs|dynamic_n_grids|lag12_n_grids|lag7_n_grids|dynamic_positive_grid_days|lag12_positive_grid_days|lag7_positive_grid_days|dynamic_rr_p25_95ci|lag12_rr_p25_95ci|lag7_rr_p25_95ci|dynamic_rr_p95_95ci|lag12_rr_p95_95ci|lag7_rr_p95_95ci|dynamic_rr_weighted_p99_95ci|lag12_rr_weighted_p99_95ci|lag7_rr_weighted_p99_95ci|dynamic_overall_wald_p|lag12_overall_wald_p|lag7_overall_wald_p|dynamic_deviance_explained|lag12_deviance_explained|lag7_deviance_explained","compact_figure_or_summary_data"
"analysis_code/04_dlnm_response/data/city_submission_tables/nature_submission_75city_exceeded_quantity_nighttime.csv","04_dlnm_response","26437","c67741d635fe5db51ad9ffbc36492e2c2e002cddeb5c1f1badcadb0485352b55","75","31","city|city_code|dtw_cluster|dynamic_lag_days|dynamic_model_available|lag12_model_available|lag7_model_available|dynamic_n_obs|lag12_n_obs|lag7_n_obs|dynamic_n_grids|lag12_n_grids|lag7_n_grids|dynamic_positive_grid_days|lag12_positive_grid_days|lag7_positive_grid_days|dynamic_rr_p25_95ci|lag12_rr_p25_95ci|lag7_rr_p25_95ci|dynamic_rr_p95_95ci|lag12_rr_p95_95ci|lag7_rr_p95_95ci|dynamic_rr_weighted_p99_95ci|lag12_rr_weighted_p99_95ci|lag7_rr_weighted_p99_95ci|dynamic_overall_wald_p|lag12_overall_wald_p|lag7_overall_wald_p|dynamic_deviance_explained|lag12_deviance_explained|lag7_deviance_explained","compact_figure_or_summary_data"
"analysis_code/04_dlnm_response/data/common_basis/cehwi/cluster_method_p90_logrr_contrasts.csv","04_dlnm_response","1789","74031af2544c1282b1bf23ceaff6ff111623d943ce84f94a3193446ab6d124ca","20","5","specification|cluster|log_rr_p90|low_p90|high_p90","compact_figure_or_summary_data"
"analysis_code/04_dlnm_response/data/common_basis/cehwi/common_exposure_basis_specifications.csv","04_dlnm_response","522","c5f81f263b8424a4ee2e451ea29257399e9b2f7353d8123c27ff294c24eb29ab","6","9","scenario|indicator|model_type|pooled_positive_n|common_boundary_low|common_knot_p50|common_knot_p90|common_support_p99|common_boundary_high","compact_figure_or_summary_data"
"analysis_code/04_dlnm_response/data/common_basis/cehwi/exact_common_basis_partition_coverage.csv","04_dlnm_response","7564","64442c933d2dc36d60deefbbb34246ba3ad816bb89643ef1a366098aac0c4c14","33","7","analysis|specification|partition_name|cluster|n_cities|city_list|support_p99","compact_figure_or_summary_data"
"analysis_code/04_dlnm_response/data/common_basis/cehwi/exact_common_basis_partition_curves.csv","04_dlnm_response","3133120","77034857bb91a5714c12910a32b813202a01a7926f91959583e3e04224829abd","13200","17","exposure|log_rr|log_rr_low|log_rr_high|rr|rr_low|rr_high|analysis|specification|partition_name|cluster|n_cities|lag_min|lag_max|support_p99|common_support_high|support_segment","compact_figure_or_summary_data"
"analysis_code/04_dlnm_response/data/common_basis/cehwi/figure4_exact_common_basis_af_percentiles_mc.csv","04_dlnm_response","2784","8d3e9e6ede272967a93cecdfc6294e356f12f61caa29d5abc24edfac8f3a6e99","20","11","analysis|specification|partition_name|cluster|exposure_percentile|exposure_value|af_percent|ci_low|ci_high|n_mc|hard_clipping","compact_figure_or_summary_data"
"analysis_code/04_dlnm_response/data/common_basis/cehwi/figure4_exact_common_basis_cluster_coverage.csv","04_dlnm_response","997","ea8de6d8c06160d96f295d43ae5fba699c05905e1c92d86186106a2ba10f0104","4","7","analysis|specification|partition_name|cluster|n_cities|city_list|support_p99","compact_figure_or_summary_data"
"analysis_code/04_dlnm_response/data/common_basis/cehwi/figure4_exact_common_basis_exposure_histograms.csv","04_dlnm_response","9366","c2af4c51e9c26d2cbac60f3fe0fd97cfb94762da020885678cc7d15950dc99b5","120","8","analysis|specification|partition_name|cluster|bin_left|bin_right|bin_midpoint|count","compact_figure_or_summary_data"
"analysis_code/04_dlnm_response/data/common_basis/cehwi/figure4_exact_common_basis_phenotype_curves.csv","04_dlnm_response","376031","96e5921affe0df0d76633a4221fedd9e316a265c80d8981fc63cd64a64c14793","1600","17","exposure|log_rr|log_rr_low|log_rr_high|rr|rr_low|rr_high|analysis|specification|partition_name|cluster|n_cities|lag_min|lag_max|support_p99|common_support_high|support_segment","compact_figure_or_summary_data"
"analysis_code/04_dlnm_response/data/common_basis/cehwi/integrated_common_basis_clustering_method_contrasts.csv","04_dlnm_response","4002","4c0b9f2e3ebf290656535c19e1dc0d020b8121d0142386ff4f992774c8263102","40","7","specification|cluster|exposure_percentile|exposure_value|log_rr|ci_low|ci_high","compact_figure_or_summary_data"
"analysis_code/04_dlnm_response/data/common_basis/cehwi/integrated_common_basis_histograms.csv","04_dlnm_response","24052","9867ea5fa6fde9e056f1caba98af36b722864af239defe2308eef6791abb5b26","160","11","analysis|specification|partition_name|cluster|bin_left|bin_right|bin_midpoint|count|support_segment|displayed_upper|observations_above_displayed_p99","compact_figure_or_summary_data"
"analysis_code/04_dlnm_response/data/common_basis/cehwi/legacy_vs_exact_common_basis_curve_source.csv","04_dlnm_response","293885","c51d85d7b0401d0799cb316bb29cf58c7ed4e44d9c75a3bf2c87fcdb4ab55bcb","1500","10","method|n_cities|exposure|log_rr|log_rr_low|log_rr_high|rr|rr_low|rr_high|support_segment","compact_figure_or_summary_data"
"analysis_code/04_dlnm_response/data/common_basis/cehwi/legacy_vs_exact_common_basis_metric_source.csv","04_dlnm_response","603","a0a856196cfddf8e3bbd47624a0fb7508378cdce73373bf0a3c97eb05e8abeea","4","8","comparison|support_rule|rmse_log_rr|max_abs_difference_log_rr|n_legacy_cities|n_exact_all_cities|common_support_high|support_p99","compact_figure_or_summary_data"
"analysis_code/04_dlnm_response/data/common_basis/cehwi/legacy_vs_exact_common_basis_percentile_source.csv","04_dlnm_response","1512","9ee8b35f973865891a929f8a1fe08d11f796fdc433ea952e28eac132f3b6feae","10","7","percentile|exposure_value|comparison|legacy_log_rr|exact_log_rr|exact_minus_legacy_log_rr|support_rule","compact_figure_or_summary_data"
"analysis_code/04_dlnm_response/data/common_basis/cehwi/model_summaries/common_basis_candidate_city_audit.csv","04_dlnm_response","20881","098a7b0c2cd930e33b22607cee44700330b7111021423dd4d465fc59ad34d0f2","189","11","candidate|city|n_exposure|n_positive|city_positive_max|knots|upper_internal_knot|boundary|basis_dimension|basis_rank|gram_condition_number","compact_figure_or_summary_data"
"analysis_code/04_dlnm_response/data/common_basis/cehwi/model_summaries/common_basis_candidate_summary.csv","04_dlnm_response","548","760f55de0b6ba50af805d130a5bc5b6d26f2cb2ffc4f2699feaf0a03f20fc550","3","11","candidate|knots|upper_internal_knot|boundary|n_cities|basis_dimension|full_rank_cities|median_condition_number|p95_condition_number|maximum_condition_number|cities_below_upper_knot","compact_figure_or_summary_data"
"analysis_code/04_dlnm_response/data/common_basis/cehwi/model_summaries/exact_common_basis_af_mc.csv","04_dlnm_response","4038","98e7150c081db1bbb371812aa6fc46b9319898219ed4f02bb011f27e76f2eafd","21","10","scenario|estimand|exposure_percentile|exposure_value|estimate|ci_low|ci_high|denominator|support_rule|n_mc","compact_figure_or_summary_data"
"analysis_code/04_dlnm_response/data/common_basis/cehwi/model_summaries/exact_common_basis_model_coverage_qa.csv","04_dlnm_response","91","9f769eaafa9f795e3ca9ad551aefb896d907ab67f936390f884f5b2cb39838a0","3","3","scenario|n_models|n_cities","compact_figure_or_summary_data"
"analysis_code/04_dlnm_response/data/common_basis/cehwi/model_summaries/exact_common_basis_model_qa.csv","04_dlnm_response","38540","45cdb9f695b9281c82a2da86826919da4cc9d3ab2306330bc63b681683de1033","189","17","scenario|city|file|reduced_dimension|full_crossbasis_dimension|coefficient_finite|covariance_finite|covariance_min_eigen|full_covariance_finite|common_knot_correct|common_boundary_correct|lag_days|max_lag|includes_temperature_control|temperature_control_col|has_daily_attribution|n_obs","compact_figure_or_summary_data"
"analysis_code/04_dlnm_response/data/common_basis/cehwi/model_summaries/exact_common_basis_partition_af_percentiles_mc.csv","04_dlnm_response","22366","54f444bc1b35a7c16e37a3ad067f07ed24ec8a60ac678f42456524f4a14ef314","165","11","analysis|specification|partition_name|cluster|exposure_percentile|exposure_value|af_percent|ci_low|ci_high|n_mc|hard_clipping","compact_figure_or_summary_data"
"analysis_code/04_dlnm_response/data/common_basis/cehwi/model_summaries/exact_common_basis_partition_coefficients.csv","04_dlnm_response","6559","eec4e2cd6a2cb47bafcfd38af55f94d0e207e3f95f464b0e3830c8c6884a9b73","66","7","analysis|specification|partition_name|cluster|coefficient|estimate|se","compact_figure_or_summary_data"
"analysis_code/04_dlnm_response/data/common_basis/cehwi/model_summaries/exact_common_basis_partition_coverage.csv","04_dlnm_response","7516","110d853df5350fa495e2aacc31c22d03f4f74a7be6057bff1030be7d7004fc44","33","7","analysis|specification|partition_name|cluster|n_cities|city_list|support_p99","compact_figure_or_summary_data"
"analysis_code/04_dlnm_response/data/common_basis/cehwi/model_summaries/exact_common_basis_partition_curves.csv","04_dlnm_response","3114852","555897955a0479882ea4098e65be1b0d8460918ea385552c87e398d5ef339970","13200","17","exposure|log_rr|log_rr_low|log_rr_high|rr|rr_low|rr_high|analysis|specification|partition_name|cluster|n_cities|lag_min|lag_max|support_p99|common_support_high|support_segment","compact_figure_or_summary_data"
"analysis_code/04_dlnm_response/data/common_basis/cehwi/model_summaries/exact_common_basis_partition_histograms.csv","04_dlnm_response","194690","e973aff8134998136efe89ac3343d5b66b3b56d9d7aff10e93f54e4208c97199","1320","11","analysis|specification|partition_name|cluster|bin_left|bin_right|bin_midpoint|count|support_segment|displayed_upper|observations_above_displayed_p99","compact_figure_or_summary_data"
"analysis_code/04_dlnm_response/data/common_basis/cehwi/model_summaries/exact_common_basis_pooling_sessionInfo.txt","04_dlnm_response","874","444c9696488dcba18f79d8bdf10b643f835db41d7597bb1646cf0d0061b2d654","19","1","R version 4.5.2 (2025-10-31 ucrt)","compact_figure_or_summary_data"
"analysis_code/04_dlnm_response/data/common_basis/cehwi/model_summaries/exact_common_basis_scenario_coverage.csv","04_dlnm_response","746","233cf6f4ec267b49adfd61cf353a7665380951c6062d02e52e7522c2d775e576","3","17","scenario|n_cities|lag_min|lag_max|common_internal_knots|reduced_coefficient_dimension|common_boundary_low|common_boundary_high|n_grid_days|n_positive_grid_days|positive_grid_day_fraction|support_p99|support_max|common_support_high|positive_fraction_above_common_support|p99_capped_positive_fraction|i2_percent","compact_figure_or_summary_data"
"analysis_code/04_dlnm_response/data/common_basis/cehwi/model_summaries/legacy_vs_exact_common_basis_common_cities.csv","04_dlnm_response","509","1e80d8a7c6a079e8e2b65af4208432fe10c756415cf9844c6b797c0d5d953895","47","1","city","compact_figure_or_summary_data"
"analysis_code/04_dlnm_response/data/common_basis/cehwi/model_summaries/legacy_vs_exact_common_basis_curves.csv","04_dlnm_response","294028","574e590fa2ea635450e244b5fd364bda834ba252edd30b74651118e2f9757c40","1500","10","method|n_cities|exposure|log_rr|log_rr_low|log_rr_high|rr|rr_low|rr_high|support_segment","compact_figure_or_summary_data"
"analysis_code/04_dlnm_response/data/common_basis/cehwi/model_summaries/legacy_vs_exact_common_basis_percentile_contrasts.csv","04_dlnm_response","1519","818d75bbae48c050d510d1f4f521ff8b0f42bf5ea126f2ad6577035f171cd6f4","10","7","percentile|exposure_value|comparison|legacy_log_rr|exact_log_rr|exact_minus_legacy_log_rr|support_rule","compact_figure_or_summary_data"
"analysis_code/04_dlnm_response/data/common_basis/cehwi/model_summaries/national_pooled_coefficients_exact_common_basis.csv","04_dlnm_response","623","9efe4e871ad9ccd85e7839afd3b16f1deae1823821b2c20b15872e4e983c82ab","6","6","scenario|coefficient|estimate|se|ci_low|ci_high","compact_figure_or_summary_data"
"analysis_code/04_dlnm_response/data/common_basis/cehwi/model_summaries/national_pooled_covariance_exact_common_basis.csv","04_dlnm_response","552","dc2b440f17430729c4b84b659063f7cd45bcdbdc7b9b98ed33fae94275558fdc","12","4","scenario|row_coefficient|column_coefficient|covariance","compact_figure_or_summary_data"
"analysis_code/04_dlnm_response/data/common_basis/cehwi/model_summaries/national_pooled_curves_exact_common_basis.csv","04_dlnm_response","303642","14d82f10d9f1ccd537622189aa7d10cdf6539f71193c8201ab1bd0b8e3f48551","1500","16","scenario|indicator|model_type|n_cities|lag_min|lag_max|support_p99|common_support_high|support_segment|exposure|log_rr|log_rr_low|log_rr_high|rr|rr_low|rr_high","compact_figure_or_summary_data"
"analysis_code/04_dlnm_response/data/common_basis/cehwi/model_summaries/submission_basis_process_registry.csv","04_dlnm_response","2481","9bd5b4d840a3104936eb017d238d96c7af4a97517d5236d2fb55dd5b5dd0252e","3","8","scenario|shard|process_id|n_cities|cities|stdout|stderr|started_at","compact_figure_or_summary_data"
"analysis_code/04_dlnm_response/data/common_basis/cehwi/model_summaries/submission_common_basis_city_support.csv","04_dlnm_response","3744","dc527688186d5c221fa5391afdaa1ac72e9415dc22fcaa547e869379cbd51ba4","63","6","city|n_positive_grid_days|positive_min|positive_max|supports_common_boundary|design_condition_number","compact_figure_or_summary_data"
"analysis_code/04_dlnm_response/data/common_basis/cehwi/model_summaries/submission_common_basis_sessionInfo.txt","04_dlnm_response","823","1ba5e87592fdaa512fb681cdd23a2f254ac9ba73f7921a6bcd61d9bd7bdb60d2","19","1","R version 4.5.2 (2025-10-31 ucrt)","compact_figure_or_summary_data"
"analysis_code/04_dlnm_response/data/common_basis/cehwi/model_summaries/submission_common_basis_specification.csv","04_dlnm_response","561","72203596afc5a666b9c3b39e6882dd8193e0dd44990795d39a52160ab3b437b9","","14","n_cities|n_positive_grid_days|pooled_positive_p25|pooled_positive_p50|pooled_positive_p75|pooled_positive_p90|pooled_positive_p95|pooled_positive_p99|minimum_city_observed_maximum|selected_internal_knot|selected_boundary_low|selected_boundary_high|reduced_coefficient_dimension|selection_reason","compact_figure_or_summary_data"
"analysis_code/04_dlnm_response/data/common_basis/cehwi/partition_city_assignments.csv","04_dlnm_response","124872","de0a96d2d62fba481aff341cc8ea0aaba6eaee846463d82b90890cc1340526a4","882","5","partition_family|specification|partition_name|city|source_file","compact_figure_or_summary_data"
"analysis_code/04_dlnm_response/data/common_basis/exceeded_quantity/cluster_method_p90_logrr_contrasts.csv","04_dlnm_response","1788","68da08adade17faded570c751b96774e57303cb03bfec5de6c540539775d73fc","20","5","specification|cluster|log_rr_p90|low_p90|high_p90","compact_figure_or_summary_data"
"analysis_code/04_dlnm_response/data/common_basis/exceeded_quantity/exact_common_basis_partition_coverage.csv","04_dlnm_response","7532","3680e317273854b96ff7b09649ff6fbe0983c68933381cdcacd34002c8a10c0b","33","7","analysis|specification|partition_name|cluster|n_cities|city_list|support_p99","compact_figure_or_summary_data"
"analysis_code/04_dlnm_response/data/common_basis/exceeded_quantity/exact_common_basis_partition_curves.csv","04_dlnm_response","3145184","b49947200c247761284f702f1f0f79fdd801ec6197a5deaabff8129e8cfed25a","13200","17","exposure|log_rr|log_rr_low|log_rr_high|rr|rr_low|rr_high|analysis|specification|partition_name|cluster|n_cities|lag_min|lag_max|support_p99|common_support_high|support_segment","compact_figure_or_summary_data"
"analysis_code/04_dlnm_response/data/common_basis/exceeded_quantity/figure4_exact_common_basis_af_percentiles_mc.csv","04_dlnm_response","2773","dfcfc5e1bb91cde1913689873a47f48d299c96f6bec3c97ec61e31f3a0e6c211","20","11","analysis|specification|partition_name|cluster|exposure_percentile|exposure_value|af_percent|ci_low|ci_high|n_mc|hard_clipping","compact_figure_or_summary_data"
"analysis_code/04_dlnm_response/data/common_basis/exceeded_quantity/figure4_exact_common_basis_cluster_coverage.csv","04_dlnm_response","996","c45b6a5a6ce7579f07eb212b12976e54b099ad27c423c563dfca2ccda5054320","4","7","analysis|specification|partition_name|cluster|n_cities|city_list|support_p99","compact_figure_or_summary_data"
"analysis_code/04_dlnm_response/data/common_basis/exceeded_quantity/figure4_exact_common_basis_exposure_histograms.csv","04_dlnm_response","9751","23b8fbf09f1cc7ccec9b2a4dc1cc60efd6fc4032dd34233a5a0238519546eda8","120","8","analysis|specification|partition_name|cluster|bin_left|bin_right|bin_midpoint|count","compact_figure_or_summary_data"
"analysis_code/04_dlnm_response/data/common_basis/exceeded_quantity/figure4_exact_common_basis_phenotype_curves.csv","04_dlnm_response","378612","dcc9b47f294cd90e5c0c23331c4003a8922a15a260aa0e583da8449e08634821","1600","17","exposure|log_rr|log_rr_low|log_rr_high|rr|rr_low|rr_high|analysis|specification|partition_name|cluster|n_cities|lag_min|lag_max|support_p99|common_support_high|support_segment","compact_figure_or_summary_data"
"analysis_code/04_dlnm_response/data/common_basis/exceeded_quantity/integrated_common_basis_clustering_method_contrasts.csv","04_dlnm_response","4172","4b01e2ef87b0bdf0780ef1d5f7c391dfaa0c6b4d95c8677b7b15d892311bab92","40","7","specification|cluster|exposure_percentile|exposure_value|log_rr|ci_low|ci_high","compact_figure_or_summary_data"
"analysis_code/04_dlnm_response/data/common_basis/exceeded_quantity/integrated_common_basis_histograms.csv","04_dlnm_response","23989","70932041fb8b5bd7a772f2c0c56233987771205c1ce78d33ab0caa3f01fbd745","160","11","analysis|specification|partition_name|cluster|bin_left|bin_right|bin_midpoint|count|support_segment|displayed_upper|observations_above_displayed_p99","compact_figure_or_summary_data"
"analysis_code/04_dlnm_response/data/common_basis/exceeded_quantity/legacy_vs_exact_common_basis_curve_source.csv","04_dlnm_response","295743","08e9ae4fef72a9cddadff860abceb572fe4ea6da77b7f06f4717bd3a510c8135","1500","10","method|n_cities|exposure|log_rr|log_rr_low|log_rr_high|rr|rr_low|rr_high|support_segment","compact_figure_or_summary_data"
"analysis_code/04_dlnm_response/data/common_basis/exceeded_quantity/legacy_vs_exact_common_basis_metric_source.csv","04_dlnm_response","626","fbc34abb75b8bba603a5fdc9768227699a0f12e6155c9a4c0cedf80ee28e0e58","4","8","comparison|support_rule|rmse_log_rr|max_abs_difference_log_rr|n_legacy_cities|n_exact_all_cities|common_support_high|support_p99","compact_figure_or_summary_data"
"analysis_code/04_dlnm_response/data/common_basis/exceeded_quantity/legacy_vs_exact_common_basis_percentile_source.csv","04_dlnm_response","1480","01a6eed44d43ab3e54a7477be1fd14133fec2a4582c742269bf485018d3bab27","10","7","percentile|exposure_value|comparison|legacy_log_rr|exact_log_rr|exact_minus_legacy_log_rr|support_rule","compact_figure_or_summary_data"
"analysis_code/04_dlnm_response/data/common_basis/exceeded_quantity/model_summaries/common_basis_candidate_city_audit.csv","04_dlnm_response","21137","248441209dbd281796c410bcd525fc38b93394a93dc627ba95e014b32f885701","189","10","candidate|city|n_positive|city_positive_max|knots|upper_internal_knot|boundary|basis_dimension|basis_rank|gram_condition_number","compact_figure_or_summary_data"
"analysis_code/04_dlnm_response/data/common_basis/exceeded_quantity/model_summaries/common_basis_candidate_summary.csv","04_dlnm_response","570","2ec91f81635be96b415edbed2ab170f29e4f63f4b4eee269d986a40bafbcb1fc","3","11","candidate|knots|upper_internal_knot|boundary|n_cities|basis_dimension|full_rank_cities|median_condition_number|p95_condition_number|maximum_condition_number|cities_below_upper_knot","compact_figure_or_summary_data"
"analysis_code/04_dlnm_response/data/common_basis/exceeded_quantity/model_summaries/exact_common_basis_af_mc.csv","04_dlnm_response","4205","670f4c5ac80af98e24bfd5efb5cde400a21e1348a10a60e458e68405ffdf8ebe","21","10","scenario|estimand|exposure_percentile|exposure_value|estimate|ci_low|ci_high|denominator|support_rule|n_mc","compact_figure_or_summary_data"
"analysis_code/04_dlnm_response/data/common_basis/exceeded_quantity/model_summaries/exact_common_basis_model_qa.csv","04_dlnm_response","42076","bdf0250e3968534b3bde7a90a17080b0520d4df3277794b1874cfea9096c1c64","189","18","scenario|indicator|city|file|reduced_dimension|full_crossbasis_dimension|coefficient_finite|covariance_finite|covariance_min_eigen|full_covariance_finite|common_knot_correct|common_boundary_correct|lag_days|max_lag|includes_temperature_control|temperature_control_col|has_daily_attribution|n_obs","compact_figure_or_summary_data"
"analysis_code/04_dlnm_response/data/common_basis/exceeded_quantity/model_summaries/exact_common_basis_partition_af_percentiles_mc.csv","04_dlnm_response","22209","9fc3a94f6a870c4bf7df4a8cf253de49f55c58107b938d109774d78f4ded17fd","165","11","analysis|specification|partition_name|cluster|exposure_percentile|exposure_value|af_percent|ci_low|ci_high|n_mc|hard_clipping","compact_figure_or_summary_data"
"analysis_code/04_dlnm_response/data/common_basis/exceeded_quantity/model_summaries/exact_common_basis_partition_coefficients.csv","04_dlnm_response","6567","997a35ae8f71f9b223e15eb185554d805231bd21e83adb3284b0ad7b992b4377","66","7","analysis|specification|partition_name|cluster|coefficient|estimate|se","compact_figure_or_summary_data"
"analysis_code/04_dlnm_response/data/common_basis/exceeded_quantity/model_summaries/exact_common_basis_partition_coverage.csv","04_dlnm_response","7484","da60991657e46b3a2964649faab4d47382ca3c19220ed340ff480ce941a40e4c","33","7","analysis|specification|partition_name|cluster|n_cities|city_list|support_p99","compact_figure_or_summary_data"
"analysis_code/04_dlnm_response/data/common_basis/exceeded_quantity/model_summaries/exact_common_basis_partition_curves.csv","04_dlnm_response","3128106","e8bcd85308caf215f686569023a02c2236733c1995714f5f56d1a979f1cab3f7","13200","17","exposure|log_rr|log_rr_low|log_rr_high|rr|rr_low|rr_high|analysis|specification|partition_name|cluster|n_cities|lag_min|lag_max|support_p99|common_support_high|support_segment","compact_figure_or_summary_data"
"analysis_code/04_dlnm_response/data/common_basis/exceeded_quantity/model_summaries/exact_common_basis_partition_histograms.csv","04_dlnm_response","190295","944a1739e4372aaeb5de6b5c2a02701447a7952a97d752a92ccb33d862b57f9b","1320","11","analysis|specification|partition_name|cluster|bin_left|bin_right|bin_midpoint|count|support_segment|displayed_upper|observations_above_displayed_p99","compact_figure_or_summary_data"
"analysis_code/04_dlnm_response/data/common_basis/exceeded_quantity/model_summaries/exact_common_basis_scenario_coverage.csv","04_dlnm_response","791","89540116104047594b2b24785d7bd41fef507b8cf6c6035bfd64b903d9891a95","3","17","scenario|n_cities|lag_min|lag_max|common_internal_knots|reduced_coefficient_dimension|common_boundary_low|common_boundary_high|n_grid_days|n_positive_grid_days|positive_grid_day_fraction|support_p99|support_max|common_support_high|positive_fraction_above_common_support|p99_capped_positive_fraction|i2_percent","compact_figure_or_summary_data"
"analysis_code/04_dlnm_response/data/common_basis/exceeded_quantity/model_summaries/legacy_vs_exact_common_basis_common_cities.csv","04_dlnm_response","692","b8ec5294232b15a1e6e787492f78cf5d78ab463240a88a31196c55431ea7b774","63","1","city","compact_figure_or_summary_data"
"analysis_code/04_dlnm_response/data/common_basis/exceeded_quantity/model_summaries/legacy_vs_exact_common_basis_curves.csv","04_dlnm_response","296101","b561b456896e6fc7632626880558ff865a7fc747c5455b4db5585f8d11a7181c","1500","10","method|n_cities|exposure|log_rr|log_rr_low|log_rr_high|rr|rr_low|rr_high|support_segment","compact_figure_or_summary_data"
"analysis_code/04_dlnm_response/data/common_basis/exceeded_quantity/model_summaries/legacy_vs_exact_common_basis_percentile_contrasts.csv","04_dlnm_response","1484","69a82bdab4fb0b0e2dcc71f6cfa0b9b99739f6c9cca5b2967fc36904c278e78c","10","7","percentile|exposure_value|comparison|legacy_log_rr|exact_log_rr|exact_minus_legacy_log_rr|support_rule","compact_figure_or_summary_data"
"analysis_code/04_dlnm_response/data/common_basis/exceeded_quantity/model_summaries/national_pooled_coefficients_exact_common_basis.csv","04_dlnm_response","621","beb01ae9f5c5bf15b5335e06a58078b5cda13b22a413e8a02f81b03a46dc15b8","6","6","scenario|coefficient|estimate|se|ci_low|ci_high","compact_figure_or_summary_data"
"analysis_code/04_dlnm_response/data/common_basis/exceeded_quantity/model_summaries/national_pooled_covariance_exact_common_basis.csv","04_dlnm_response","556","c972a062af18d6b3af10471244338912623b3f138a5988917957a898fcec519a","12","4","scenario|row_coefficient|column_coefficient|covariance","compact_figure_or_summary_data"
"analysis_code/04_dlnm_response/data/common_basis/exceeded_quantity/model_summaries/national_pooled_curves_exact_common_basis.csv","04_dlnm_response","330128","6fda3cd73f44bafc8536ecc38894e0170ba25d76be588849aae76fe3a633f359","1500","16","scenario|indicator|model_type|n_cities|lag_min|lag_max|support_p99|common_support_high|support_segment|exposure|log_rr|log_rr_low|log_rr_high|rr|rr_low|rr_high","compact_figure_or_summary_data"
"analysis_code/04_dlnm_response/data/common_basis/exceeded_quantity/model_summaries/submission_basis_process_registry.csv","04_dlnm_response","6787","a7a58b57e522fbc07a4201cd8c5fd65ebd7bf5bcf34eda2d7401c09962dade96","27","8","scenario|shard|process_id|n_cities|cities|stdout|stderr|started_at","compact_figure_or_summary_data"
"analysis_code/04_dlnm_response/data/common_basis/exceeded_quantity/model_summaries/submission_common_basis_specification.csv","04_dlnm_response","607","d3675b272721fd899dbf135d9d1ca3b0c7a010e0cbc89b84fd8ba883b5a1dc9d","","15","indicator|n_cities|n_positive_grid_days|pooled_positive_p25|pooled_positive_p50|pooled_positive_p75|pooled_positive_p90|pooled_positive_p95|pooled_positive_p99|minimum_city_observed_maximum|selected_internal_knot|selected_boundary_low|selected_boundary_high|reduced_coefficient_dimension|selection_reason","compact_figure_or_summary_data"
"analysis_code/04_dlnm_response/data/exceeded_quantity_figures/input/p80_af_nodes.csv","04_dlnm_response","5739","22851776c9eadb4f6dcb4957ad6e25eb1af104cce1d25f359266e66c84017ceb","60","8","cluster|heatwave_type|exposure_percentile|exposure_value|af_percent|ci_low|ci_high|within_common_support","compact_figure_or_summary_data"
"analysis_code/04_dlnm_response/data/exceeded_quantity_figures/input/p80_curve_nodes.csv","04_dlnm_response","257404","8dceab38cd8d758717c47fcc5d52d1f702d54fd5d7fb418a625d1ba5e168cf99","3258","6","cluster|heatwave_type|exposure|log_rr|ci_low|ci_high","compact_figure_or_summary_data"
"analysis_code/04_dlnm_response/data/exceeded_quantity_figures/input/p80_histogram_nodes.csv","04_dlnm_response","101473","d64272defe01fd7382c76e382f0b1030d5d7fe47da0cd2b511e43f4af8ed6b55","864","11","cluster|heatwave_type|activity_type|bin_left|bin_right|bar_height|trip_share_5pct_count|display_high|common_support_high|histogram_scale|total_positive_exposure_trips","compact_figure_or_summary_data"
"analysis_code/04_dlnm_response/data/exceeded_quantity_figures/input/p80_panel_metadata.csv","04_dlnm_response","3307","c8dea59141ab3df231957eb48a692edf5b578a1fa168659357b0e87d91f104fb","12","19","cluster|heatwave_type|display_high|common_support_high|knot_1|knot_2|basis_specification|marker_25|marker_50|marker_75|marker_90|y_min|y_max|n_cities|lag_max|show_u|fraction_trips_above_common_support|total_positive_exposure_trips|trip_share_5pct_count","compact_figure_or_summary_data"
"analysis_code/04_dlnm_response/data/exceeded_quantity_figures/input/p99_af_nodes.csv","04_dlnm_response","5079","ee62d61d7cb601a8d0d935773c50046b5f0fa3b80193a1445c28adcce75e72e6","60","9","cluster|heatwave_type|exposure_percentile|exposure_value|af_percent|ci_low|ci_high|within_common_support|significance_symbol","compact_figure_or_summary_data"
"analysis_code/04_dlnm_response/data/exceeded_quantity_figures/input/p99_curve_nodes.csv","04_dlnm_response","433927","d42ba04321b9fe64fbd2e43a85c5a05e6ee277b21736b05ea125bfe3b07110d0","4872","6","cluster|heatwave_type|exposure|log_rr|ci_low|ci_high","compact_figure_or_summary_data"
"analysis_code/04_dlnm_response/data/exceeded_quantity_figures/input/p99_histogram_nodes.csv","04_dlnm_response","100420","4de1c7c2fc3628a5b9aeab893953256dfe724360af1ce1116920c317e447ac1b","864","11","cluster|heatwave_type|activity_type|bin_left|bin_right|bar_height|trip_share_5pct_count|display_high|common_support_high|histogram_scale|total_positive_exposure_trips","compact_figure_or_summary_data"
"analysis_code/04_dlnm_response/data/exceeded_quantity_figures/input/p99_panel_metadata.csv","04_dlnm_response","3046","14cd24b150b5d0efaf1438bdf9abe59965a75049f4750b8a4a05c591c06a1a02","12","19","cluster|heatwave_type|display_high|common_support_high|knot_1|knot_2|basis_specification|marker_25|marker_50|marker_75|marker_90|y_min|y_max|n_cities|lag_max|show_u|fraction_trips_above_common_support|total_positive_exposure_trips|trip_share_5pct_count","compact_figure_or_summary_data"
"analysis_code/04_dlnm_response/data/exceeded_quantity_figures/output/Extended_Fig19a_EQ_p80_curve_plot_data.csv","04_dlnm_response","640627","9ee8d57c3280632ef5fadfbae0e8de0d495e99f31cad9f420cd93951bb27ce91","3258","13","cluster|heatwave_type|exposure|log_rr|ci_low|ci_high|display_high|common_support_high|y_min|y_max|phenotype_name|axis_expansion_factor|line_segment","compact_figure_or_summary_data"
"analysis_code/04_dlnm_response/data/exceeded_quantity_figures/output/Extended_Fig19b_EQ_p80_support_AF_plot_data.csv","04_dlnm_response","8085","7c9f778ff2071b0f2a9907025c0fd5076cde8e8c091ffcac8561d032a50752d7","60","11","cluster|heatwave_type|exposure_percentile|exposure_value|af_percent|ci_low|ci_high|within_common_support|phenotype_name|marker_style|star_display","compact_figure_or_summary_data"
"analysis_code/04_dlnm_response/data/exceeded_quantity_figures/output/Fig19a_EQ_p99_curve_plot_data.csv","04_dlnm_response","1001444","0fa8fa7281dd9562508a0463653fd6fa399fc44ce4c897c65d6314925e9efb5b","4872","13","cluster|heatwave_type|exposure|log_rr|ci_low|ci_high|display_high|common_support_high|y_min|y_max|phenotype_name|line_segment|axis_expansion_factor","compact_figure_or_summary_data"
"analysis_code/04_dlnm_response/data/exceeded_quantity_figures/output/Fig19b_EQ_p99_AF_plot_data.csv","04_dlnm_response","7520","9c30a7a44d09e43a8b6d8984b8fa982b77390181298f695493251418106baa0a","60","12","cluster|heatwave_type|exposure_percentile|exposure_value|af_percent|ci_low|ci_high|within_common_support|significance_symbol|phenotype_name|marker_style|star_display","compact_figure_or_summary_data"
"analysis_code/04_dlnm_response/data/lag_assignment.csv","04_dlnm_response","4801","99d887cd268bff4fc5479da1bf0c1fd048f5650403c42e508cdebb3ad1a22c8c","75","9","City|Group|Strong effect days (FDR001)|Overall effect days (FDR05)|Group median strong|Group mean strong|Group median overall|Group mean overall|Duration band","compact_figure_or_summary_data"
"analysis_code/04_dlnm_response/data/lag_window/cehwi/lag_window_model_coverage.csv","04_dlnm_response","743","60124495d1592e72460867bf8e285bb59ec629592bcbe7ebb5c348162747b463","3","17","scenario|n_cities|lag_min|lag_max|common_internal_knots|reduced_coefficient_dimension|common_boundary_low|common_boundary_high|n_grid_days|n_positive_grid_days|positive_grid_day_fraction|support_p99|support_max|common_support_high|positive_fraction_above_common_support|p99_capped_positive_fraction|i2_percent","compact_figure_or_summary_data"
"analysis_code/04_dlnm_response/data/lag_window/cehwi/lag_window_pooled_curve_source.csv","04_dlnm_response","303314","29f2f1c3ac5c83f3346ed97de6b84631110e6d0ba0ecc6f0b98e43439c02208c","1500","16","scenario|indicator|model_type|n_cities|lag_min|lag_max|support_p99|common_support_high|support_segment|exposure|log_rr|log_rr_low|log_rr_high|rr|rr_low|rr_high","compact_figure_or_summary_data"
"analysis_code/04_dlnm_response/data/lag_window/cehwi/results/lag_window_af_contrasts.csv","04_dlnm_response","458","9df9d272ec6cad5175e6b2016d72cc2542d0421e542f5aa4de3f2651af9e1b8f","2","8","estimand|exposure_percentile|support_rule|dynamic_8_12_day|fixed_12_day|fixed_7_day|dynamic_minus_fixed12_af_pp|fixed7_minus_fixed12_af_pp","compact_figure_or_summary_data"
"analysis_code/04_dlnm_response/data/lag_window/cehwi/results/lag_window_city_count_summary.csv","04_dlnm_response","113","793768bc3ae31c83d1ecabdd15ff557d27f9a3d291d530162d194bfc11188c21","4","3","scenario|lag_days|n_cities","compact_figure_or_summary_data"
"analysis_code/04_dlnm_response/data/lag_window/exceeded_quantity/lag_window_pooled_curve_source.csv","04_dlnm_response","329829","10c0c1135d75855b6485f1ac80fbbb632e8cb71155f1b384a9af24ad89ea1ee7","1500","16","scenario|indicator|model_type|n_cities|lag_min|lag_max|support_p99|common_support_high|support_segment|exposure|log_rr|log_rr_low|log_rr_high|rr|rr_low|rr_high","compact_figure_or_summary_data"
"analysis_code/04_dlnm_response/data/lag_window/exceeded_quantity/results/lag_window_af_contrasts.csv","04_dlnm_response","452","453745e103210717fd2de20bff18451e11520991655d583a0cb3699a514f7498","2","8","estimand|exposure_percentile|support_rule|dynamic_8_12_day|fixed_12_day|fixed_7_day|dynamic_minus_fixed12_af_pp|fixed7_minus_fixed12_af_pp","compact_figure_or_summary_data"
"analysis_code/04_dlnm_response/data/main_figure_input/p80_af_nodes.csv","04_dlnm_response","6676","086b1515f83c0b8c522ef3892a287578e8f740e68cc3b8c9c48584657768782c","60","8","cluster|heatwave_type|exposure_percentile|exposure_value|af_percent|ci_low|ci_high|within_common_support","compact_figure_or_summary_data"
"analysis_code/04_dlnm_response/data/main_figure_input/p80_curve_nodes.csv","04_dlnm_response","276623","b91d99bf0b93b791b80c7125d47fbfc35e8e075f452a4a3fcffd6fe51331f3c1","3050","6","cluster|heatwave_type|exposure|log_rr|ci_low|ci_high","compact_figure_or_summary_data"
"analysis_code/04_dlnm_response/data/main_figure_input/p80_histogram_nodes.csv","04_dlnm_response","75426","fa906f30ab303cc75076904c3b86e4eecff31a4cd425b08388e47c2c81bd7789","864","7","cluster|heatwave_type|activity_type|bin_left|bin_right|bar_height|histogram_scale","compact_figure_or_summary_data"
"analysis_code/04_dlnm_response/data/main_figure_input/p80_panel_metadata.csv","04_dlnm_response","2937","ca749266f898bd7cd1c192aa4e5a2ab3e0556c5eec7d7784119fd247f187e634","12","16","cluster|heatwave_type|display_high|common_support_high|marker_25|marker_50|marker_75|marker_90|y_min|y_max|n_cities|lag_max|show_u|fraction_trips_above_common_support|total_positive_exposure_trips|trip_share_5pct_count","compact_figure_or_summary_data"
"analysis_code/04_dlnm_response/data/main_figure_input/p99_af_nodes.csv","04_dlnm_response","6196","30d108dc14b95cc0d82b6205adb469ffdfa8db8984f6df83cffc637034b5a152","60","9","cluster|heatwave_type|exposure_percentile|exposure_value|af_percent|ci_low|ci_high|within_common_support|significance_symbol","compact_figure_or_summary_data"
"analysis_code/04_dlnm_response/data/main_figure_input/p99_curve_nodes.csv","04_dlnm_response","283333","22752467e29bfcecfc909c946583e2f20c3b4495094493f41c15398f4d2d0a62","2923","6","cluster|heatwave_type|exposure|log_rr|ci_low|ci_high","compact_figure_or_summary_data"
"analysis_code/04_dlnm_response/data/main_figure_input/p99_histogram_nodes.csv","04_dlnm_response","91661","0afd2f7ee539604667bd19c5db50d9e5c5a02d50fe79e62c1e6338a8bc3138d3","720","10","cluster|heatwave_type|activity_type|bin_left|bin_right|bar_height|total_positive_exposure_trips|display_high|common_support_high|histogram_scale","compact_figure_or_summary_data"
"analysis_code/04_dlnm_response/data/main_figure_input/p99_panel_metadata.csv","04_dlnm_response","2236","b94d14640f575867278f20f7bf7b6fe5573bf8fd8bdc94a77c8e6682432248f7","12","15","cluster|heatwave_type|display_high|common_support_high|marker_25|marker_50|marker_75|marker_90|y_min|y_max|n_cities|lag_max|show_u|total_positive_exposure_trips|trip_share_5pct_count","compact_figure_or_summary_data"
"analysis_code/04_dlnm_response/data/main_figure_output/Extended_Fig4a_CEHWI_p80_curve_plot_data.csv","04_dlnm_response","607758","2a8aed084ea83d7a5d29e44906cb0d91cb879f9e1f4ef17983866d7fc47c944e","3050","13","cluster|heatwave_type|exposure|log_rr|ci_low|ci_high|display_high|common_support_high|y_min|y_max|phenotype_name|axis_expansion_factor|line_segment","compact_figure_or_summary_data"
"analysis_code/04_dlnm_response/data/main_figure_output/Extended_Fig4b_CEHWI_p80_support_AF_plot_data.csv","04_dlnm_response","8047","328d8e0bbce146ba27114ae16eab1374fcee27163f90b05533b109c5431cf3f5","60","11","cluster|heatwave_type|exposure_percentile|exposure_value|af_percent|ci_low|ci_high|within_common_support|phenotype_name|marker_style|star_display","compact_figure_or_summary_data"
"analysis_code/04_dlnm_response/data/main_figure_output/Fig4a_CEHWI_p99_curve_plot_data.csv","04_dlnm_response","623982","1d77a1b980dde56be637be5bfe0a3140617efe48c4ddfb168888bfcc19dcead5","2923","13","cluster|heatwave_type|exposure|log_rr|ci_low|ci_high|display_high|common_support_high|y_min|y_max|phenotype_name|line_segment|axis_expansion_factor","compact_figure_or_summary_data"
"analysis_code/04_dlnm_response/data/main_figure_output/Fig4b_CEHWI_p99_AF_plot_data.csv","04_dlnm_response","7543","a7e5b3b9f21999405fc64dec2091833cfc25dbcb0aa808facdcf02f3348a60c8","60","12","cluster|heatwave_type|exposure_percentile|exposure_value|af_percent|ci_low|ci_high|within_common_support|significance_symbol|phenotype_name|marker_style|star_display","compact_figure_or_summary_data"
"analysis_code/04_dlnm_response/data/model_reporting_input/weighted_exposure_support.csv","04_dlnm_response","2172","4b1d4c1b938e24380af678139c496063193375b89458650fee456c4daba261fc","12","14","cluster|heatwave_type|n_cities|n_cities_with_positive_exposure_trips|total_positive_exposure_trips|trip_share_5pct_count|common_support_upper|p25|p50|p75|p90|p95|p98|p99","model_level_pointwise_synthesis_input"
"analysis_code/05_be_meta_regression/data/figure5_ab/bd_bh_source_audit_paths.csv","05_be_meta_regression","131208","eecf3a4c07e1abc2311ea184e3928084162e0a3b47c37ebaf48a63e86293ffb8","1286","3","source_summary|variable_only|n_rows","compact_figure_or_summary_data"
"analysis_code/05_be_meta_regression/data/figure5_ab/be_meta_predictors_grouped_source_records_final_no_crime_no_bh.csv","05_be_meta_regression","3995023","2b467b02274325d809fab1a5b39a2245cf26eadbf2598170731a170b5e5eb604","10284","20","variable_only|coefficient|se|z_value|p_value|ci_low|ci_high|significant|n_coefs|direction|star_label|mode|source_root|partition|indicator|model_type|base_model|activity_type|source_summary|sig","compact_figure_or_summary_data"
"analysis_code/05_be_meta_regression/data/figure5_ab/panel_c_filtered_from_required_source.csv","05_be_meta_regression","12408","02ce4816d940541938550884947ad2370a5a600709d99398610179b6083675ef","32","20","variable_only|coefficient|se|z_value|p_value|ci_low|ci_high|significant|n_coefs|direction|star_label|mode|source_root|partition|indicator|model_type|base_model|activity_type|source_summary|sig","compact_figure_or_summary_data"
"analysis_code/05_be_meta_regression/data/figure5_ab/panel_c_mean_no_crime_activity_3plus1_national_cehwi_composite_records.csv","05_be_meta_regression","13862","215522435caa135d09f0f72e23cc8616f0ed4300c17c4883e6264d7e63f3381c","32","24","variable_only|coefficient|se|z_value|p_value|ci_low|ci_high|significant|n_coefs|direction|star_label|mode|source_root|partition|indicator|model_type|base_model|activity_type|source_summary|sig|significance_label|effect_text|p_text|direction_significance","compact_figure_or_summary_data"
"analysis_code/05_be_meta_regression/data/figure5_ab/panel_d_filtered_from_required_source.csv","05_be_meta_regression","12407","9b771f7a20074f7c68669281bb09d44e0851a88b5b7a967e4aa0fe1e11e42f02","32","20","variable_only|coefficient|se|z_value|p_value|ci_low|ci_high|significant|n_coefs|direction|star_label|mode|source_root|partition|indicator|model_type|base_model|activity_type|source_summary|sig","compact_figure_or_summary_data"
"analysis_code/05_be_meta_regression/data/figure5_ab/panel_d_gini_no_crime_activity_3plus1_national_cehwi_composite_records.csv","05_be_meta_regression","13864","613b47f0bdd92dc4eab7d22c0babc9ef8b8f3f4ca81b6ef4cf8cc2ed080ed244","32","24","variable_only|coefficient|se|z_value|p_value|ci_low|ci_high|significant|n_coefs|direction|star_label|mode|source_root|partition|indicator|model_type|base_model|activity_type|source_summary|sig|significance_label|effect_text|p_text|direction_significance","compact_figure_or_summary_data"
"analysis_code/05_be_meta_regression/data/figure5_ab/pooled_lag_response_p25.csv","05_be_meta_regression","3919","f11ef6ed29539c872022f08582f0305ae193160bb50ed2f6f25bce4ccb6ae0ac","12","18","group_label|indicator|model_type|lag|rr|rr_low|rr_high|log_rr|log_rr_se|n_cities|lag_profile_percentile|lag_profile_value_target|lag_profile_value_mean|lag_profile_value_median|lag_profile_source|meta_method|reliability|profile_warning","compact_figure_or_summary_data"
"analysis_code/05_be_meta_regression/data/figure5_ab/pooled_lag_response_p50.csv","05_be_meta_regression","3895","392591efc763c21a4d3b533db676cb4aba10617c4b594846968f88c8a9f413d2","12","18","group_label|indicator|model_type|lag|rr|rr_low|rr_high|log_rr|log_rr_se|n_cities|lag_profile_percentile|lag_profile_value_target|lag_profile_value_mean|lag_profile_value_median|lag_profile_source|meta_method|reliability|profile_warning","compact_figure_or_summary_data"
"analysis_code/05_be_meta_regression/data/figure5_ab/pooled_lag_response_p75.csv","05_be_meta_regression","3923","3d9eabfcafb65bc671673f83cf5d5d7bb7027a10106cbf81dfc869c6ca1d441f","12","18","group_label|indicator|model_type|lag|rr|rr_low|rr_high|log_rr|log_rr_se|n_cities|lag_profile_percentile|lag_profile_value_target|lag_profile_value_mean|lag_profile_value_median|lag_profile_source|meta_method|reliability|profile_warning","compact_figure_or_summary_data"
"analysis_code/05_be_meta_regression/data/figure5_ab/pooled_lag_response_p90.csv","05_be_meta_regression","3642","d2eac7dde074b21e844c37e0cbf28066698bca0c27d0c73e7bc8fafbd8090333","12","18","group_label|indicator|model_type|lag|rr|rr_low|rr_high|log_rr|log_rr_se|n_cities|lag_profile_percentile|lag_profile_value_target|lag_profile_value_mean|lag_profile_value_median|lag_profile_source|meta_method|reliability|profile_warning","compact_figure_or_summary_data"
"analysis_code/05_be_meta_regression/data/figure5_ab/pooled_lag_response_p95.csv","05_be_meta_regression","3914","aee05c0ee2a672c7b2a42daa37d52484c4b09d766b8e5a609fdb3868f94ec03b","12","18","group_label|indicator|model_type|lag|rr|rr_low|rr_high|log_rr|log_rr_se|n_cities|lag_profile_percentile|lag_profile_value_target|lag_profile_value_mean|lag_profile_value_median|lag_profile_source|meta_method|reliability|profile_warning","compact_figure_or_summary_data"
"analysis_code/05_be_meta_regression/data/figure5_c/fig5c_plot_data.csv","05_be_meta_regression","2071","d94a6ae6e2478dbb9642582fa9585d598dcc179a75716ca20d30583bcf13fc8f","8","19","activity_label|predictor_mode|heterogeneity_explained_pct|loo_ci_low|loo_ci_high|n_cities|n_predictors|n_basis|i2_null|i2_model|q_null|q_model|q_df_null|q_df_model|q_reduction_pct|psi_trace_null|psi_trace_model|null_fit_flag|model_fit_flag","compact_figure_or_summary_data"
"analysis_code/05_be_meta_regression/sensitivity_common_coordinate_reprojection/data/city_native_basis_definitions.csv","05_be_meta_regression","33904","a70810e81af2785ae565877c83abd8116d589ed6aaff97474756be99d199afbe","252","8","model_id|city|activity|basis_fun|knots|boundary_knots|intercept|lag_effect_days","common_coordinate_sensitivity_data"
"analysis_code/05_be_meta_regression/sensitivity_common_coordinate_reprojection/data/city_native_reduced_coefficients.csv","05_be_meta_regression","55258","b1bc8b2232425e31d256cefdb7ae4ef957e124074bf0ec12866a9364c9845790","756","6","model_id|city|activity|model_type|component|coefficient","common_coordinate_sensitivity_data"
"analysis_code/05_be_meta_regression/sensitivity_common_coordinate_reprojection/data/city_native_reduced_covariances.csv","05_be_meta_regression","132299","13ed3a10fdb6a5878feefd10c880ec01688ab9b8460903e803a0e047b1a8a7d2","2268","6","model_id|city|activity|row_component|col_component|covariance","common_coordinate_sensitivity_data"
"analysis_code/05_be_meta_regression/sensitivity_common_coordinate_reprojection/data/grid_row_environment_predictors.csv","05_be_meta_regression","250672","9de1bc92fe6c6882d887920ca4001ebee9838efdaebdd3c467329cd0e3cd44ed","976","18","city|grid10_id|NDVI_2023_mean|total_20_55_mean|GDP_mean|Unemployment_mean|BD_mean|Urbanization_Rate_mean|Street_Intersection_Density_mean|Walkability_Index_mean|NDVI_2023_gini|total_20_55_gini|GDP_gini|Unemployment_gini|BD_gini|Urbanization_Rate_gini|Street_Intersection_Density_gini|Walkability_Index_gini","common_coordinate_sensitivity_data"
"analysis_code/05_be_meta_regression/sensitivity_common_coordinate_reprojection/output/all_activity_joint_test_comparison.csv","05_be_meta_regression","1670","09d13cf9dd9b9e5a689091208b4dd5008223b7b2b49253c1d30b6bdb1976d862","16","8","metric|predictor|variable_only|joint_p_native|significant_0_05_native|joint_p_common|significant_0_05_common|significance_changed","common_coordinate_sensitivity_data"
"analysis_code/05_be_meta_regression/sensitivity_common_coordinate_reprojection/output/all_activity_significance_changes.csv","05_be_meta_regression","750","03b88ef8032488c45b8dba5a053a368845f99f3a0b49dfda31de8f752d01a8cf","6","8","metric|predictor|variable_only|joint_p_native|significant_0_05_native|joint_p_common|significant_0_05_common|significance_changed","common_coordinate_sensitivity_data"
"analysis_code/05_be_meta_regression/sensitivity_common_coordinate_reprojection/output/city_common_coordinate_covariances.csv","05_be_meta_regression","134231","8517dfb847acb1845eb51533023ae5df9edb9c9240123a51dd6fecd241a52f45","2268","6","model_id|city|activity_type|row_exposure|col_exposure|covariance","common_coordinate_sensitivity_data"
"analysis_code/05_be_meta_regression/sensitivity_common_coordinate_reprojection/output/city_common_coordinate_log_rr.csv","05_be_meta_regression","43372","1d8e6fb48cd9c2932095c4cde3beb48749fb3a41ed83dc6ff67171c0e7bfae61","756","5","model_id|city|activity_type|exposure|log_rr","common_coordinate_sensitivity_data"
"analysis_code/05_be_meta_regression/sensitivity_common_coordinate_reprojection/output/fig5_forest_plot_data_gini.csv","05_be_meta_regression","8548","b0e4af07eee8bc46745bc1f753d28a2ad1ea84a3d14b1b4858597662232ed0a1","32","16","metric|activity_type|predictor|variable_only|coefficient|se|ci_low|ci_high|joint_wald|joint_df|joint_p|significant|star_label|estimand|n_grid_rows|n_cities","common_coordinate_sensitivity_data"
"analysis_code/05_be_meta_regression/sensitivity_common_coordinate_reprojection/output/fig5_forest_plot_data_mean.csv","05_be_meta_regression","8568","79cb65d93c90e015224244c8b115b6a82e98adbf575bf6b80d62a0b15479de2e","32","16","metric|activity_type|predictor|variable_only|coefficient|se|ci_low|ci_high|joint_wald|joint_df|joint_p|significant|star_label|estimand|n_grid_rows|n_cities","common_coordinate_sensitivity_data"
"analysis_code/05_be_meta_regression/sensitivity_common_coordinate_reprojection/output/meta_regression_average_common_coordinate_effects.csv","05_be_meta_regression","16927","853ad922b135c4d55022ef13e504c70357e3caf470758836896531fa73c2e031","64","16","metric|activity_type|predictor|variable_only|coefficient|se|ci_low|ci_high|joint_wald|joint_df|joint_p|significant|star_label|estimand|n_grid_rows|n_cities","common_coordinate_sensitivity_data"
"analysis_code/05_be_meta_regression/sensitivity_common_coordinate_reprojection/output/meta_regression_effects_at_cehwi_2_4_6.csv","05_be_meta_regression","28378","89edd6269988a8827685eedf792bc9ca4e6c6796008f6864b3f03413c1cd5be0","192","10","metric|activity_type|predictor|variable_only|exposure|coefficient|se|ci_low|ci_high|joint_p","common_coordinate_sensitivity_data"
"analysis_code/05_be_meta_regression/sensitivity_common_coordinate_reprojection/output/meta_regression_joint_tests_native_vs_common.csv","05_be_meta_regression","17501","fa35659cec245b8946e60bc482e673406413271c4ee97743a43de9169cc1ba8c","128","12","representation|metric|activity_type|predictor|variable_only|joint_wald|joint_df|joint_p|significant_0_05|n_grid_rows|n_cities|fit_method","common_coordinate_sensitivity_data"
"analysis_code/05_be_meta_regression/sensitivity_common_coordinate_reprojection/output/predictor_standardization.csv","05_be_meta_regression","6042","77868c6d0b28f7f505167eae297e0072de60f459cb8a6d4e2c53ba9f72be2cab","64","8","metric|activity|predictor|source_column|mean|sd|n_grid_rows|n_cities","common_coordinate_sensitivity_data"
"analysis_code/06_future_projection/data/all_scopes_plot_ready_timeseries_yearly.csv","06_future_projection","6012077","5f1e0ec1a93dae47aa12539a5b970562fc280d9fa70e97ac151d44a927d99e33","16740","21","scope|scope_label|denominator_package|period_source|scenario|scenario_label|year|indicator|heatwave_type|activity_type|model_key|denominator_id|denominator_label|denominator_months|metric|metric_label|value|low|high|heatwave_label|indicator_label","compact_figure_or_summary_data"
"analysis_code/06_future_projection/data/all_scopes_yearly_projection_all_rows.csv","06_future_projection","2598685","f763f5cd968b265088427708bb3b60790478837cf8f802391da72e8cc6624c5e","4680","33","scope|scope_label|denominator_package|scenario|year|period|model_key|indicator|heatwave_type|activity_type|heatwave_days|signed_pa_change_percent_all_days|pa_loss_fraction_percent_all_days|pa_loss_fraction_percent_heatwave_days|asri_mean_all_days|annualized_asri_percent|annualized_asri_low_percent|annualized_asri_high_percent|benefit_adjusted_asri_percent|benefit_adjusted_asri_low_percent|benefit_adjusted_asri_high_percent|exposure_clipped_share|pa_loss_fraction_low_percent_all_days|pa_loss_fraction_high_percent_all_days|pa_loss_fraction_linear_tail_percent_all_days|pa_loss_fraction_linear_tail_low_percent_all_days|pa_loss_fraction_linear_tail_high_percent_all_days|curve_scope|partition_family|partition_name|denominator_id|denominator_label|denominator_months","compact_figure_or_summary_data"
"analysis_code/06_future_projection/data/dtw4lag12_yearly_projection_all_rows.csv","06_future_projection","547415","c28e6add9975cc9ae8819c5e3cc031eac38f56ddfd82f7409a468067d7b8889e","936","33","scope|scope_label|denominator_package|scenario|year|period|model_key|indicator|heatwave_type|activity_type|heatwave_days|signed_pa_change_percent_all_days|pa_loss_fraction_percent_all_days|pa_loss_fraction_percent_heatwave_days|asri_mean_all_days|annualized_asri_percent|annualized_asri_low_percent|annualized_asri_high_percent|benefit_adjusted_asri_percent|benefit_adjusted_asri_low_percent|benefit_adjusted_asri_high_percent|exposure_clipped_share|pa_loss_fraction_low_percent_all_days|pa_loss_fraction_high_percent_all_days|pa_loss_fraction_linear_tail_percent_all_days|pa_loss_fraction_linear_tail_low_percent_all_days|pa_loss_fraction_linear_tail_high_percent_all_days|curve_scope|partition_family|partition_name|denominator_id|denominator_label|denominator_months","compact_figure_or_summary_data"
"analysis_code/06_future_projection/data/figure6e/dtw4lag12_city_cluster_map.csv","06_future_projection","3014","f4cb665b6cb9c9febdb88b5df73de6a6f31bf1e14d09c4f0d706fde6e148150a","75","5","city_standard|city_label|dtw4lag12_cluster|dtw4lag12_cluster_label|dtw4lag12_cluster_color","compact_figure_or_summary_data"
"analysis_code/06_future_projection/data/figure6e/fig6e_future_city_pa_loss_forest_cehwi_compound_only_dtw4lag12_clusters_all_cities_plot_data.csv","06_future_projection","51756","c77280775dc536c49ac417f570574e40bff039875b621247155f35df964661a3","222","21","scenario|city_standard|indicator|heatwave_type|activity_type|city_label|period|n_days|heatwave_days|pa_loss_fraction_percent|pa_loss_fraction_low_percent|pa_loss_fraction_high_percent|annualized_asri_percent|annualized_asri_low_percent|annualized_asri_high_percent|scenario_label|indicator_label|heatwave_label|dtw4lag12_cluster|dtw4lag12_cluster_label|dtw4lag12_cluster_color","compact_figure_or_summary_data"
"analysis_code/06_future_projection/data/figure6e/fig6e_future_city_pa_loss_forest_cehwi_compound_only_dtw4lag12_clusters_clustered63_plot_data.csv","06_future_projection","43815","0c0cfbe8e364190211dfc3db2bdd26cde56bebe00706d6f5ace0bee59ee52f17","189","21","scenario|city_standard|indicator|heatwave_type|activity_type|city_label|period|n_days|heatwave_days|pa_loss_fraction_percent|pa_loss_fraction_low_percent|pa_loss_fraction_high_percent|annualized_asri_percent|annualized_asri_low_percent|annualized_asri_high_percent|scenario_label|indicator_label|heatwave_label|dtw4lag12_cluster|dtw4lag12_cluster_label|dtw4lag12_cluster_color","compact_figure_or_summary_data"
"analysis_code/06_future_projection/data/figure6e/fig6e_future_city_pa_loss_forest_exceeded_quantity_compound_only_dtw4lag12_clusters_all_cities_plot_data.csv","06_future_projection","54021","1aab0725b794789d668b724fb65345441dbb6161fb6d830d323493bab1d5f9a7","222","21","scenario|city_standard|indicator|heatwave_type|activity_type|city_label|period|n_days|heatwave_days|pa_loss_fraction_percent|pa_loss_fraction_low_percent|pa_loss_fraction_high_percent|annualized_asri_percent|annualized_asri_low_percent|annualized_asri_high_percent|scenario_label|indicator_label|heatwave_label|dtw4lag12_cluster|dtw4lag12_cluster_label|dtw4lag12_cluster_color","compact_figure_or_summary_data"
"analysis_code/06_future_projection/data/figure6e/fig6e_future_city_pa_loss_forest_exceeded_quantity_compound_only_dtw4lag12_clusters_clustered63_plot_data.csv","06_future_projection","45674","d86993be9915fdb49620471487b661b6a7dad7a526549bb1bb88f44bc0882e05","189","21","scenario|city_standard|indicator|heatwave_type|activity_type|city_label|period|n_days|heatwave_days|pa_loss_fraction_percent|pa_loss_fraction_low_percent|pa_loss_fraction_high_percent|annualized_asri_percent|annualized_asri_low_percent|annualized_asri_high_percent|scenario_label|indicator_label|heatwave_label|dtw4lag12_cluster|dtw4lag12_cluster_label|dtw4lag12_cluster_color","compact_figure_or_summary_data"
"analysis_code/06_future_projection/data/figure6e/fig6e_future_city_pa_loss_forest_plot_data.csv","06_future_projection","277332","dfb1264f53f0a5795c2183c19cd60a587eca14d8c9934e2f76acda86b5d76b46","1332","18","scenario|city_standard|indicator|heatwave_type|activity_type|city_label|period|n_days|heatwave_days|pa_loss_fraction_percent|pa_loss_fraction_low_percent|pa_loss_fraction_high_percent|annualized_asri_percent|annualized_asri_low_percent|annualized_asri_high_percent|scenario_label|indicator_label|heatwave_label","compact_figure_or_summary_data"
"analysis_code/06_future_projection/data/figure6f/fig6f_scope_forest_plot_data_2025_2050_all_ssps.csv","06_future_projection","45026","027dbcae0b4bd344e1ffc9d50cdebd7fbe2cad3cdb53edb102e240cebc048073","90","29","scope|scope_label|denominator_package|scenario|indicator|heatwave_type|activity_type|curve_scope|partition_family|partition_name|denominator_id|denominator_label|denominator_months|scope_label_plot|heatwave_label_plot|indicator_label_plot|scenario_label_plot|period_plot|heatwave_days|pa_loss_fraction_percent_all_days|pa_loss_fraction_low_percent_all_days|pa_loss_fraction_high_percent_all_days|annualized_asri_percent|annualized_asri_low_percent|annualized_asri_high_percent|benefit_adjusted_asri_percent|benefit_adjusted_asri_low_percent|benefit_adjusted_asri_high_percent|exposure_clipped_share","compact_figure_or_summary_data"
"analysis_code/06_future_projection/data/maps/city_map_2025_2050_plot_data.csv","06_future_projection","563110","b89335756b20fce6528b040f2a41a3b3b5656edb061b2e50b69abb447531b56c","1332","27","scenario|city_standard|model_key|indicator|heatwave_type|activity_type|curve_scope|partition_family|partition_name|denominator_id|denominator_label|denominator_months|period|n_days|heatwave_days|pa_loss_fraction_percent_all_days|pa_loss_fraction_low_percent_all_days|pa_loss_fraction_high_percent_all_days|annualized_asri_percent|annualized_asri_low_percent|annualized_asri_high_percent|benefit_adjusted_asri_percent|benefit_adjusted_asri_low_percent|benefit_adjusted_asri_high_percent|exposure_clipped_share|lon|lat","compact_figure_or_summary_data"
"analysis_code/06_future_projection/data/maps/city_map_2025_2050_plot_data_filtered_national_all.csv","06_future_projection","553145","580283d5fcde6d7550a9720092d8891324887b7d511bb63aca473eb101fb21e4","1332","27","scenario|city_standard|model_key|indicator|heatwave_type|activity_type|curve_scope|partition_family|partition_name|denominator_id|denominator_label|denominator_months|period|n_days|heatwave_days|pa_loss_fraction_percent_all_days|pa_loss_fraction_low_percent_all_days|pa_loss_fraction_high_percent_all_days|annualized_asri_percent|annualized_asri_low_percent|annualized_asri_high_percent|benefit_adjusted_asri_percent|benefit_adjusted_asri_low_percent|benefit_adjusted_asri_high_percent|exposure_clipped_share|lon|lat","compact_figure_or_summary_data"
"analysis_code/06_future_projection/data/maps/natural_break_scale_parameters.csv","06_future_projection","2410","b937b5179b1462049ba57cf6616084debeffb0ea09443fa4f821323944b9c8f2","12","9","indicator|heatwave_type|map_type|vmin|vmax|breaks|point_min|point_max|output","compact_figure_or_summary_data"
"analysis_code/06_future_projection/data/primary_national_yearly_projection_all_rows.csv","06_future_projection","247771","4deb68a01dd118355a9a75e52673a79122571bf8219336fe9a79c8f4f0b8a10f","468","33","scope|scope_label|denominator_package|scenario|year|period|model_key|indicator|heatwave_type|activity_type|heatwave_days|signed_pa_change_percent_all_days|pa_loss_fraction_percent_all_days|pa_loss_fraction_percent_heatwave_days|asri_mean_all_days|annualized_asri_percent|annualized_asri_low_percent|annualized_asri_high_percent|benefit_adjusted_asri_percent|benefit_adjusted_asri_low_percent|benefit_adjusted_asri_high_percent|exposure_clipped_share|pa_loss_fraction_low_percent_all_days|pa_loss_fraction_high_percent_all_days|pa_loss_fraction_linear_tail_percent_all_days|pa_loss_fraction_linear_tail_low_percent_all_days|pa_loss_fraction_linear_tail_high_percent_all_days|curve_scope|partition_family|partition_name|denominator_id|denominator_label|denominator_months","compact_figure_or_summary_data"
"analysis_code/06_future_projection/data/validation_annual_holdout_summary_all_scopes.csv","06_future_projection","267601","294ff62b4d7c3aeff3f4a5a8a0ebcabaf7b57f31ebeb59ec9a57c0d137ddca19","1080","15","denominator_package|scope|scope_label|target|indicator|model_key|heatwave_type|activity_type|year|n_city_year|observed_mean|predicted_mean|residual_mean|mae|rmse","compact_figure_or_summary_data"
"tables/supplementary/supplementary_table_01_city_characteristics.csv","supplementary_tables","2960","d91c58c20043c737917734ed8bbec48580bf03005aa60e506d56ddfd980a066c","75","5","City|PPML grids, n|Climate (K-G class)|US region|Recovery phenotype","compact_figure_or_summary_data"
"tables/supplementary/supplementary_table_02_be_meta_regression.csv","supplementary_tables","3359","c6c8eee366954d0bf88f83609aae77e53c0e38226ee9e109ee19b9dc02888cab","32","6","Predictor|Activity|Mean β (95% CI)|P_mean|Gini β (95% CI)|P_gini","compact_figure_or_summary_data"
"tables/supplementary/supplementary_table_03_heterogeneity_reduction.csv","supplementary_tables","862","bec46793ea15ed208e20de2ecffdf085a8cc42d5ef4bc2489147f11810c63e7b","8","6","Activity|Predictor set|Baseline Q₀ (df)
I²₀ (%)|Adjusted Qₘ (df)
I²ₘ (%)|Q reduction (%)|I² gain (%)
LOCO range","compact_figure_or_summary_data"
"tables/supplementary/supplementary_table_04_cmip6_model_availability.csv","supplementary_tables","483","27409ad2f6797a4e9d968f26dcbd21583278b789f353a8fc663e7217a48c0def","13","9","MODEL|ALL|NAT|GHG|piControl|SSP2-4.5|SSP3-7.0|SSP5-8.5|ECS (K)","compact_figure_or_summary_data"
"tables/supplementary/supplementary_table_05_projection_summary.csv","supplementary_tables","1062","008a20b4e3407061760d26f0baab2082ec491b0d7f996e4283edd3f7b33ba5f7","18","5","Scenario|Metric|Heatwave type|PA loss
(%)|Annualized ASRI, %
(95% CI)","compact_figure_or_summary_data"
